,TA,LPI,AREA_MN,AREA_AM,AREA_MD,GYRATE_MN,GYRATE_AM,GYRATE_MD,PRD,SHDI,SIDI,MSIDI,SHEI,SIEI,MSIEI,NP,DIVISION,SPLIT,MESH,PAFRAC,SHAPE_MN,SHAPE_MD,PARA_MN,PARA_MD,FRAC_MD,SQUARE_MN,SQUARE_MD,IJI,LSI,TE,ED,RNMDP_2020,PobT,PobH,PobM,Vehiculos,T_Viviendas,T_Viv_Prin,T_Viv_Sec,Viv_vacias,COM,ED_SING,EQUIP,IND,OCIO,OFI,RES_PLU,RES_UNI,Ciudades
0,0.31455052095529645,-0.25818661391046915,0.3273680231038212,-0.13806564743365043,0.7208396624629846,0.870314247861853,-0.20606980613678447,0.6721972845139892,-0.6080875531576648,-0.2681376916288803,0.22319916050748553,0.16570079473513602,0.06327863471895892,0.2232064495925249,0.16569497512191658,-0.24405297555902947,0.17629531014370067,0.4770779145424124,-0.14332846401710375,-0.3600597170358186,-0.8477439758262056,-0.8558155805642312,-1.2743003377132482,-1.008247540796018,-1.1397099747537933,0.19974183765891143,-0.8791591103368704,-0.5317364438028235,-0.096294045799581,-0.08232028478038358,-0.4656420243175133,-0.2559126382902579,-0.20426191149491435,-0.19857169856928525,-0.20923226908264103,-0.18829252508002475,-0.20696995559485185,-0.22508458524761862,-0.2873930821037239,-0.001485802163497251,-1.2081195946081833,-0.13372183426654466,-1.0888962158970408,0.47323502292778197,-0.2979037181625018,-0.2231311575324909,-0.6768231794867678,0.6418135074079073,Albacete
1,0.32552649726691024,-0.31826649458029044,0.7057640952574779,-0.12294990930250213,-0.38701176329477105,0.3363163558779609,0.005114513342367793,-0.12919833431590622,-0.613390568649906,-0.07991317288019217,0.06880558303658703,-0.023092470914173106,0.47262373472332864,0.06880639294537073,-0.02309228992356139,-0.34967545779513115,0.15776519579102127,-0.1145618611206423,-0.12820582236731995,-0.8952328227526317,0.7042108459012193,1.2252587713730818,0.11158545337790593,0.3569568126404098,1.3820570193156443,0.1997428977737399,1.0225645589216776,0.08858740612119499,-0.5613080319633833,-0.2751263154977911,-1.186505435044815,0.20208412095171108,-0.15015413467064231,-0.14458900524447507,-0.15502409236018216,-0.19227622479560083,-0.22842042040158628,-0.17330827459873085,-0.6828787994994283,-0.4376186554044452,0.7180159451072938,0.34724854578022596,0.2339950860291555,1.775808480020185,-0.1546903297006582,1.5515823840008252,-1.0072768596672028,-1.0602696764389758,Alcalá de Henares
2,0.0748003373465761,-0.26402724253324356,3.6014121167426794,-0.12978107855509763,4.344290631193735,3.9944731903604014,-0.09976354340175565,4.131960220046722,-0.613390568649906,-0.07991317288019217,0.06880558303658703,-0.023092470914173106,0.47262373472332864,0.06880639294537073,-0.02309228992356139,-0.7321634497364512,0.15872232979684142,-0.09398098514215313,-0.13504010912156852,-0.7630412400124934,-0.6301403185681637,-1.1573705782229857,-2.142105704887781,-2.246082931544112,-1.7521891137906995,0.1996530070184022,-1.0326828577335683,1.5349859424543757,-1.0227750968354885,-0.49539875806941536,-1.6858427646932665,3.6922246910295167,-0.3345319869378003,-0.3412050525555542,-0.3286006097626238,0.2816684601282921,-0.41664413645380055,-0.36425236124770777,-0.7525158195059809,-0.6389360394545865,-0.6287374892888083,0.2760429112170055,-0.3420448476290506,-1.1086386161905226,-0.6115386538498994,5.35858592434991,-0.989753397735968,1.0907565418835654,Alcobendas
3,-0.5825908525213362,-0.21222417039096408,1.174509564729264,-0.1376162377030745,0.4060336041407697,1.7249936498395273,-0.12147779464357845,1.024461717535918,0.28166159084658193,-0.3034055299982544,0.2678101964329416,0.22153474863348868,0.14924476385303106,0.26781964524176993,0.22153901725161335,-0.7272242689124608,0.1382396620722878,-0.415085003974947,-0.14287885341927006,-0.7174102543385921,-0.6025937262190864,-0.06627223284653254,-1.0697385696356871,-0.8806565704535956,-0.41136992073850526,0.19974215746448373,-0.011329871780294798,-1.152563779826691,-0.9825093281132133,-0.6383467640311785,-1.1339087686333513,0.38104924115970734,-0.2088093316430664,-0.2097942461351972,-0.2079054189697963,-0.28718382517616253,-0.26872914882995125,-0.20709925266517068,-0.6780274541288702,-0.5461468134338097,1.3408586213837237,-0.13381051690359191,2.7869253682605084,0.11010054755338372,-0.67703695803598,-0.49913473499489003,0.15634322022367117,-1.129598926660216,Alcorcón
4,-0.2796791815759697,-0.3692642875241125,-0.6789308058987075,-0.14137578466035433,-1.00551307788077,-1.104946227608907,-0.1843552196175676,-1.26693484801198,-0.17187674837003547,1.7166220153814,-2.0234727351139856,-2.0779316095807157,-1.8346880853230596,-2.023463286848959,-2.0779273414013835,-0.08046296453148037,0.16444599115164743,0.045405157658145893,-0.14664011781309408,0.19903508723124777,-0.26736179294059714,-0.31694457389316383,1.5932639167323146,1.2792083231020823,0.42291202028221375,0.1997421492128898,-0.3681557650357,-0.17755165854314486,-0.024825635493494914,-0.2342711955446309,0.40014498160861905,-1.451579247851925,-0.3236736235615008,-0.3204271651552516,-0.32647239473014017,-0.32261717748191987,-0.3523376070541087,-0.343323868278307,-0.3346936994666653,-0.3958987401100402,0.02143779033937036,-0.6607861130927192,-0.8335275999495065,-0.9297467359701235,-0.10738872161308449,-0.48530592410518386,-1.3926264503202506,2.230615029056467,Algeciras
5,1.4536831844357792,-0.4172293183907249,0.6472537271220627,-0.13995143774606847,0.2803960731723562,1.038218214108845,-0.21265610341973576,0.12349941772781349,-0.9443481935413354,-0.1257548256262966,0.007106896247354647,-0.09667716470905725,-0.0005478363661523136,0.007109865854698577,-0.09667451220000615,0.0839954738936934,0.19166688227717382,1.7950151212635685,-0.14521512093281727,-0.9096134970256222,-0.8205435186689528,-0.5964046327818002,-0.9626220429566817,-0.6961364945271195,-0.757035542620098,0.1997420713243952,-0.4384895430182604,-0.4648337527233398,0.4214204708235362,0.39199331844024393,-0.7270475007423,-0.8030712316143469,0.1758064325063208,0.19046500465683588,0.16287693335624281,0.23812515820813668,0.30802065984881977,0.18087922281964577,2.0916864736789202,0.4726084154444319,0.026713850480448605,-0.5514178472421897,-1.154463159830972,-0.6200984388212913,1.6295991715140106,-0.39830929928787623,0.34405381407617586,0.9410687676957915,Alicante/Alacant
6,-0.10676705879205262,-0.2935886363181275,-0.9856795977571371,-0.13612913425742995,-1.173789498799915,-1.4295811728929924,-0.17238436738598123,-1.3426392243396708,-0.33875344119485773,-0.3088517798298545,0.29358853322642553,0.25405933081849613,0.33436220640464487,0.29358070433574385,0.2540571881444793,0.4150291425257511,0.16193830005639642,-0.019380345645163066,-0.14139106630645845,-0.7784359361893366,-0.03680691058858739,0.21029444120316498,1.8266329695093144,1.7007057120781688,0.7767462534356777,0.1997424885315366,0.1502078103882546,-0.1814850966610233,0.5747298285338145,0.03719365166074916,1.1606181751263511,-1.0872344869983697,-0.14139475979510355,-0.13229645868669124,-0.1493751265332194,-0.12214153463859241,-0.1250065481227795,-0.18896239103309742,0.43101031151975355,0.14599033985129706,0.09536223065796377,-0.18177164726822764,0.651720440009361,-1.4449757588968604,0.18138765378955218,0.14108452686083012,0.3316655647362147,0.6606797223476069,Almería
7,-0.10676705879205262,-0.2935886363181275,-0.9856795977571371,-0.13612913425742995,-1.173789498799915,-1.4295811728929924,-0.17238436738598123,-1.3426392243396708,0.41958120879116706,-0.5113190794584824,0.6629858795030416,0.7437879659929787,0.6162611282866604,0.6629737312736219,0.743790921547522,-0.6074355647526065,0.042526261490262895,-0.8857755644551063,-0.11014683388833449,-0.44735778457760433,-0.4031044773330043,-0.3768873244454133,0.045482687965896364,-0.06549203771034054,-0.307761922667884,0.19974214063368914,-0.4106465672248208,-0.34543717942036484,-0.7865093412190667,-0.5868942808199299,-0.5087959305335942,0.18027475146399827,-0.47442106739693607,-0.4843858478865018,-0.4655683253717254,-0.5094465298101888,-0.45005362172796604,-0.4594300885335009,-0.4553709155592978,-0.32528496456106415,-1.1592889968230993,-0.10049940175902233,1.1131034989033037,-0.7110329914619756,0.9417481128640619,-0.6277243612559036,-0.35065160463053907,0.3653433520476124,Ávila
8,1.2506807698248978,-0.3125524403270849,0.34964777182442436,-0.12943083197550284,-0.6127414769092221,0.28977892937376004,-0.16486345732858274,-0.6913412109280637,-0.905229867797241,3.620419316793035,-3.473054959401249,-3.1417852443293968,-3.0307226726964362,-3.4730519906198736,-3.141790856181777,0.14239721638395314,0.18157868985582948,0.7787988913341335,-0.134689705246281,-1.6623864849307959,-0.1655115127473065,-0.16055566204280336,0.34134890076879554,0.5085087519347843,-0.1007959860554068,0.19974237139166343,-0.022951287763641838,-0.8213124477473532,0.14042253984674075,0.27125459215891085,-0.783014832604051,-0.7395674792824772,-0.2586632205623561,-0.25851154907209833,-0.25875049045573784,-0.22151057048398687,-0.2627172360814219,-0.26403337904168855,-0.2881005699702636,-0.21252843673834787,0.23125843167224522,-0.6825481747700433,-1.1535566576275278,-1.5089460327826143,-0.8162638667212697,-0.4139584757360327,-1.4077265389152516,2.810016958854251,Badajoz
9,-0.6986659000658696,-0.11381322590022719,-1.0081486391601582,-0.1472896446260925,-0.910359029482924,-1.0943266131004907,-0.2910565148306001,-0.7949716815884917,0.5529551395570081,-0.4973132696889953,0.6451725650029859,0.7191086944953957,0.5702640800987347,0.6451798541881723,0.7191064744378085,-0.18684532074050367,0.15527664737588934,-0.16414940310164436,-0.15255668230739652,0.10463886636241165,1.9512782528331116,2.2605644737440485,1.2944118119690442,1.688352571897116,2.4423927743086127,0.1997438650530178,2.4115658817648535,1.1918010866945368,0.15663278768354327,-0.3353410241261057,1.8910482272476967,-0.25078102194020785,-0.09050651916178751,-0.07512865208375086,-0.10402137531627889,-0.18340729177310944,-0.1588945936157334,-0.1154416617629804,-0.5874690072117859,-0.29277349903884764,0.17916025108055222,0.04628594042037152,-0.32482743000308595,-0.008310326243015014,-0.8071180932486003,-0.33893243041366194,0.9929709331351387,-0.4222980837494168,Badalona
10,3.418591266673245,-0.4796548431315248,-0.6698068986061579,-0.12699639237728927,0.04526491166230972,-0.6018668514545878,-0.14185240720352738,0.009605002796895334,-1.1542277396502294,0.16679009593578636,-0.264809634889286,-0.4093093708534929,0.3200477723212654,-0.2648174639124953,-0.40931130681858496,2.7830135489988477,0.19394486121102564,2.182681768586524,-0.13225415114083097,0.3896251132530387,0.7303728974830118,0.6571616552177357,-0.09429085833000776,-0.2604781887581189,0.40382414292246005,0.19974281278027486,0.8103768720923666,2.1607984682023083,2.6365682717568606,2.628498054006795,0.9851251673185079,2.4516564384049118,3.2665145834045264,3.312488156182593,3.225479083095569,3.0618593583429927,3.4234626391681693,3.3946996326050276,3.10864974698216,3.4365546949243075,1.0492329599540577,-0.375938941327367,0.054092267102455065,-0.9305799904028415,1.3064374340905143,2.6406186591231045,2.666287865787521,-0.9524460050605118,Barcelona
11,0.45849506505067544,-0.3647101216158549,1.6385795049453247,-0.1129071451897465,0.585705719478818,1.1763482936349565,0.041400460900113886,0.5346811336142114,-0.6727867463798763,0.9921277879705069,-1.2693527176707953,-1.4259225384272554,-1.1790551944507701,-1.2693627066456228,-1.425920484988152,-0.4847159181257689,0.14993583962341178,-0.2577655068760728,-0.11815846594275216,-0.13361018914100636,-0.38077875746055784,-0.09166972198836806,-0.62673736620691,-0.8696354761970726,-0.5055590098936138,0.19974234819301345,-0.09899892860468239,-1.1883015091800968,-0.6726185567553631,-0.33074219932330595,-1.5574922524136376,0.9577146284965843,-0.19941164061968253,-0.2046383440162239,-0.1947770472262038,-0.2556956455094283,-0.16265328533413398,-0.1779007704104512,-0.11304785784929246,-0.04724615970488294,-0.6082473737968693,0.01889525194688621,-0.6542388935990724,2.813492725748049,-0.7486545709506334,-0.7739154527493921,-0.9069818168500564,-1.0883796954169207,Burgos
12,-0.34442793818434414,0.7302924092828694,-0.2115103852038476,-0.017584949881925004,-0.6407558923556937,-0.5339474555423418,0.24983155812702798,-0.6142806406380285,-0.09590006073799617,-0.45909146385657046,0.5473116403392465,0.5854960459242629,0.41538190331657054,0.5473210892144115,0.5854949198426257,-0.3727430605445367,-0.08540426972767139,-1.0414613083534656,-0.022792719548655586,-0.5084756502377937,-0.43471815818597503,-0.1269456361358872,0.3877898493096759,0.6707804893837042,-0.1504744790964899,0.19974224550878625,-0.08565851150712793,-0.8596774864797913,-0.5106527200851035,-0.4166544586321933,-0.41761782023780747,-0.07245735377596782,-0.38616104704197307,-0.39321198030002424,-0.3798879646195136,-0.38553189349290357,-0.37117094566434405,-0.3762173281277355,-0.20441486232813652,-0.36911906475214507,-1.2263183735077101,-0.2710116294662524,0.40442008331400975,0.35206024295862365,0.5134058572809985,-0.4197701594445833,-0.7644021268796747,0.25940509915764964,Cáceres
13,-1.0651584388246877,-0.08423048524745964,-0.5632729769412865,-0.15355941463560074,-0.15178563766456699,-0.5071393217839326,-0.31182080624564745,-0.33362037350498597,2.496273330372128,0.23785691481865098,-0.5002529294501564,-0.6657809546894906,-0.4949365797525542,-0.5002650779556546,-0.6657863278533234,-0.7209281702796819,0.13707195858518753,-0.4282601637066938,-0.1588293134707461,0.9744392003544873,-0.775084430143147,-0.780762931408615,-0.437217733099525,-0.29219356791358064,-0.8163830041054406,0.1997414951256238,-1.207972548815746,-0.3468686152378729,-0.8882554274050337,-0.7317821797746848,0.6799190095823047,0.04428691818767133,-0.3414695982089052,-0.3510291363227871,-0.332997169212446,-0.3978066200826766,-0.32683932039678903,-0.3184148237360573,-0.26940267635457094,-0.3870661454305941,-0.16761507218310415,0.20721725850956502,-0.10961996440967983,-0.11713873988728186,0.7446383200122201,0.7380066330298163,2.5461362736187567,-1.5749690735174082,Cádiz
14,1.3372212114446074,0.024483587812220615,-0.706851476555368,-0.050238641064282864,-0.7603157196340251,-1.0067685747382946,0.012367493500311586,-0.9472200285272752,-0.9226037692658304,0.0039092288790843295,-0.130147197242891,-0.25679210525987434,-0.13713934737510994,-0.13013126938889943,-0.2567892525734388,1.2359644168428314,0.11997754524123727,-0.5807290769982126,-0.055461332690179645,-0.6579977891530766,-0.7760651465199753,-0.7060025433478369,0.6161448570966156,0.5619491658117372,-0.30484456149936257,0.1997419116980272,-0.6758085419115629,0.28785012053339726,1.3082229988707084,0.8622173490241235,0.4886769492370082,-1.1776792251680022,-0.10694898402124295,-0.08776957040633017,-0.12380589284047869,-0.05367891960398247,-0.04480783145748942,-0.14571250344581732,2.053785337971435,-0.20176958470859702,0.5619152078926466,-0.4032930108643164,-0.6755477221635622,-0.30112096835340024,0.28734312499436726,-0.7716937833265456,-0.7758954533880899,1.1770905152134472,Cartagena
15,-0.27718844851304975,0.21981596769466083,-0.5048951136835638,-0.09476232282304078,-0.7590811860719774,-0.654630059097848,-0.04691643917952128,-0.7448346763841182,-0.17463129398193789,-0.652337318721566,0.9381506192973057,1.1406795465587072,0.982901499942281,0.9381514294124156,1.1406813327988965,-0.1943897837573681,0.07686822961909268,-0.7937629759491057,-0.10000536111085205,-2.280939846288095,0.9137091707507905,0.42718139968596935,0.8917295396026489,0.7505288102701129,0.4499184493850919,0.19974304568816814,0.7054935928426431,1.340968815659434,-0.17157356452936626,-0.26635930478335706,0.21453777681444286,-0.09170091508865559,-0.20442964420529702,-0.20302588041917047,-0.20562831646590432,-0.17515479197546538,-0.16838603795503676,-0.19048350956972052,0.035524594124049104,-0.0665557150945231,0.5532960221140645,0.4422541488599734,-0.6164589940098548,-0.01809124521591942,-0.14129465536128638,-0.746515313371194,0.20665445187252854,-0.12829736861375074,Castelló de la Plana
16,-1.062144871792633,-0.2027901104845069,-0.9060820248003523,-0.14477320417896006,-1.4162328975620913,-1.6642605824382852,-0.19123884305665298,-1.8831357118072742,2.465143873821656,-0.6900116395746698,1.0250056454774996,1.2724164861944995,1.2686016993197733,1.0250042959000194,1.272419367440347,-0.6222531072245776,0.08728184760241889,-0.7557785313803433,-0.15003909179541056,2.351112210564609,-0.2045094110257897,-0.6239356279159876,2.918417792101185,2.3819996294062196,0.5750315669265132,0.1997411119076783,-0.9740431295842529,-0.4216739308187977,-0.7995527051344489,-0.7271216220498964,0.7228175830762021,-0.36560093777257824,-0.41423996868422536,-0.41093912638861774,-0.4170704210821033,-0.4096845177839542,-0.4890512945569419,-0.4469930503834867,-0.7679794828746348,-0.6472988152681047,-0.45695215514484755,1.2999895635427443,-1.0824334673736227,-0.5115633938745487,1.2541539639403552,-0.1647274664197418,-0.488206002443304,0.18404095061443787,Ceuta
17,-0.8140973389582166,0.27623912989601496,-0.36351240918553157,-0.1256213548483945,-0.07268052557334369,-0.24187220233941578,-0.16710510035448142,0.012211003774714275,0.9216589692798693,-0.3076710099863943,0.24419157284266402,0.19190276253135283,0.040932212622128095,0.24419022307986857,0.19190234196010328,-0.6013022962568823,0.06953658313451128,-0.8171215594637916,-0.1308784888904413,-0.7313300095643686,0.45360896702292175,0.9427299709885893,-0.37979095564784193,-0.06059201163082164,0.5419403559578638,0.19974284736325787,0.7859234759607379,0.09612163533732035,-0.7704182487846152,-0.6008376783021174,0.22886678774509633,0.4182534596975704,-0.4345030119468413,-0.4446266760443419,-0.42551759556288715,-0.4825392195456016,-0.43245157868065504,-0.4191466734946544,-0.4994373026752005,-0.46322378359752037,-0.9133026169291287,-0.5264397134118053,2.3770445129125095,-1.2440067596032605,-0.26667946565073064,0.8833446655725677,0.41969471455100843,0.059453443921221774,Ciudad Real
18,2.8226866867917915,-0.4697043145920947,0.2556071671991434,-0.1404120502481075,0.36396449891098326,0.7901475910845049,-0.21721557314778378,0.3647438002662237,-1.1109930511681483,1.197263055446123,-1.5709869024835703,-1.6964724769689608,-1.5277389037951288,-1.5709968915299866,-1.696474296318489,0.8831115098454536,0.19836682031791697,3.3107555241070634,-0.14567594489594338,-0.7562196381137674,0.45360896702292175,-0.3534479846390253,-0.6003338184315458,-0.5881297708131944,-0.5702410746585242,0.19974183131153148,-0.8713630771147062,-0.9988511292519461,1.2449880630213312,1.2481008883725555,-0.42553387742673576,-0.7293042465823771,0.14914857966036607,0.15631461822788342,0.14281653610560996,0.19942085710303303,0.13959737284897572,0.11785479425626526,0.5324842855205936,0.11756629846265401,-1.0346949216466899,-0.48832549679277776,-1.6329039911626817,-0.38361699083428485,0.04254860682961887,-0.5579668366515124,-1.2256578837952528,1.9829602954883698,Córdoba
19,-0.19416324705259097,-0.33139594845702747,-0.3875147213161388,-0.13744097593059493,-0.4861543047392333,-0.37632485643122016,-0.21721557314778378,-0.459133009786814,-0.26017161285629964,-0.5853439515131993,0.7890267420422317,0.9218854756345826,0.8179196946679558,0.7890275521219503,0.9218848797225698,-0.20502801937827042,0.16077059656929613,-0.04771456697607261,-0.14270351447878263,1.0861198854937302,-0.290725918388504,-0.42917283431277653,0.14950064751621445,0.25890871798129994,-0.1288860064494347,-7.366772957377802,0.0665578265914418,-0.7230728269689731,-0.060235807445336784,-0.22865330247284482,0.14138407200185493,1.0667614759351483,-0.03357524171274073,-0.05144932555665149,-0.017841803630521506,-0.11176234021522498,0.053247163371343005,0.023213246684530797,0.2559575993987824,0.1959320852994418,-0.17431491323784903,-0.147263684360241,1.0701203092002003,-0.1703442450105684,-0.09467514515624033,0.11681831368331119,0.3682496533393282,-0.4035397156889262,"Coruña, A"
20,-0.9210993860675875,-0.21004955240267678,-0.4681912625627064,-0.14996987665940686,-0.9919332086982431,-0.6605094749274212,-0.1988677773273383,-1.2419176220013026,1.4084064126379898,-0.6144587124284167,0.8671910822927179,1.0354396300572755,1.0075541364192129,0.8671875729645809,1.035435527678656,-0.6434210250416792,0.14254676509847952,-0.3633826548523842,-0.155238137259332,-0.1632933757814055,-0.32943537067380124,-0.20509625289684136,1.790539357258779,1.1783534173877135,0.26179033060362156,0.19974222013974186,-0.21601206078702562,-0.9692526941579097,-0.8174255634988387,-0.6874207774584488,-0.009110570732546074,0.14884360131994157,-0.4831524868207444,-0.49348332768716124,-0.4739760884630188,-0.5137153298922568,-0.46764569477071893,-0.46698905689365483,-0.34540708715998103,-0.4814057737089334,0.6193624739967978,0.2252351117787486,-0.4751198425262945,0.3020945604269233,-0.44483948818307734,0.24255972869041767,0.29807897114023074,-0.3582283548176878,Cuenca
21,0.6660480814422771,-0.11761610762879175,-0.32889077757127255,-0.08079427185874283,-0.8707589913772336,-0.6370310483043432,0.019443393117191603,-1.0081126582160485,-0.7505494236854684,0.18770483928759632,-0.49408478854179677,-0.6592107045704716,-0.7907364076222074,-0.49408181905340404,-0.6592125736296988,0.28579629041672844,0.12260009241718578,-0.5611533556692564,-0.08603092508718843,-1.1915576782046504,0.027747302686000386,0.15891494072981108,0.44367673279437414,0.9841760085083989,0.5190182324909306,0.19974241193299339,0.2535173562235667,-1.0635156026020562,0.20707473285865652,0.17666078632639307,-0.23336736968996125,-1.2405415254561156,-0.29578340121842905,-0.2925524472321151,-0.29857351001418686,-0.2944192101528084,-0.369426194866678,-0.33395820740339,-0.6991510204298419,-0.46298887416455636,-0.2130267002357208,-0.2901321091306704,-0.047086468134206985,0.2570323455128365,-0.777311931488682,-0.6751508567598768,-1.8677313486391718,1.2058910261058717,Dos Hermanas
22,0.7325796554302255,-0.1879380899393714,0.2289358282464418,-0.1323127711983311,0.12522470083495066,0.6977093196312332,-0.21866058626999138,0.08834667853565886,-0.7723384977028119,0.5278972968857816,-0.8334189270297628,-1.008593106849758,-0.9209023282204044,-0.8334051590558869,-1.0085966543583411,-0.023092479575899952,0.17730987218986957,0.5274605891184738,-0.13757296683449738,-1.3932097613595087,-0.859887552139254,-0.5372217610761443,-0.8078251408853205,-0.5904767088706983,-0.6504268302047372,0.19973591051646641,-0.4203552918275764,-0.4797460476791812,0.21721059760946648,0.14797999024385286,-0.42726740198606866,-1.9807771839508386,-0.063485245443337,-0.04343677496635515,-0.08111459993578109,-0.036191479556593915,-0.056916401993291864,-0.09023538716185031,0.5708907697041785,-0.07303921544432929,1.9767236673005937,-0.7121761276254029,-1.10696771901292,-0.42095351404385345,-0.09216769186424631,-0.7472115743271613,-0.788286998792336,1.5923037820316919,Elche/Elx
23,-0.3634820790630044,-0.02361668174092524,0.4617658276206279,-0.12410745261611285,0.9606240658607501,1.2934786232839972,-0.14120399153881136,1.1218182336539395,-0.07180980771819033,0.6067228767815563,-0.9462250670596983,-1.1198026251032738,-0.8641535495431849,-0.9462307365314286,-1.1198026633080018,-0.5586950770609214,0.1257012065960433,-0.5363832135587516,-0.12936389660298983,-0.7890831661799174,0.8197334661714297,0.8165316302354871,-1.0100582888176854,-1.1519499237494155,0.0030620715439427675,0.19974261752667746,0.4291460052719259,1.5215931369388862,-0.4558550771438248,-0.43935499006309975,-0.4928250997583351,-1.105195144223545,-0.15725481941017477,-0.14565402749684986,-0.16743430100639337,-0.19831341769144967,-0.26882884887553216,-0.2036665368871208,-0.7416002924222252,-0.5453011394751393,1.7331156633438112,-0.42317818328587276,0.7696562293095195,2.4112948894561033,0.2548497037557574,-0.6768498481404902,-0.8240262746717902,-1.2764246343444152,Fuenlabrada
24,0.016564162059048745,-0.2140876263873946,-0.16638300971538753,-0.12442340324317239,-0.47969674456852135,-0.40283262652280905,-0.0750818817298882,-0.6066054454080273,-0.43366333666431917,0.010356477366905302,-0.07615436716270213,-0.19438790124250266,-0.006464469120616371,-0.0761449184355082,-0.19439336873419572,-0.1913502878656817,0.14855756665503136,-0.2794322402011321,-0.12967999046969136,-0.9528477036540183,0.2252174296197937,0.48846855127449523,0.0004126206395262485,0.3469506105168617,0.4718403347371305,0.1997429003126919,0.5628165003637363,-1.7465844321577024,-0.33862763067237306,-0.23266485890953867,-0.44559500921949,0.4554576782354334,-0.1789995016145042,-0.17274739731894506,-0.18446877935281594,-0.254975189177888,-0.2779962680666975,-0.2278295922619845,-0.6416423638496845,-0.48394279558494446,0.43134770685551677,0.09657223955096214,-0.6134043082466863,1.8644115612857046,-0.629188328672499,-0.6005965955757085,-0.8717550151263803,-0.5682975206941381,Getafe
25,0.8253199737549307,-0.20235915489287964,0.8053888340140912,-0.09254631339203227,1.1962300479715846,1.0461805572585492,0.051892415361892714,0.9187964767114921,-0.8005828940113909,-0.07132909868949999,-0.11874391152995345,-0.24368321809378,-0.5353032838676843,-0.11874742109209073,-0.2436855691543461,-0.19894902759489766,0.14023050080439378,-0.39209816765008176,-0.09778833135193235,0.7988751352717703,-0.9825636330404294,-1.1057572688737507,-1.4847024353485185,-1.2733881105356784,-1.3296718634126352,0.19974194771428957,-0.8776337994890551,-1.0555595438508558,-0.06484792379546109,0.033674046421956365,-0.8890954762271286,0.5863138951617103,0.022598908918606553,0.014168984712328142,0.03001238129742345,-0.023230971004178168,0.11188076017748062,0.12191111035392688,0.006820800681580393,0.06757757112791646,-0.9472089788601207,-0.639268936537705,-0.7090192557144077,1.410683206334544,-0.48356103302798703,-0.3719508516436257,-0.46106297216704356,0.04432115999340256,Gijón
26,-0.7002476894470274,-0.3774868498932676,-0.5092109868426952,-0.15584030081558498,0.28894284398653397,-0.13776372003860413,-0.3381895621336351,0.3205165420383977,0.5572346455824825,-0.4225284557973113,0.47968670052041296,0.49509319785519446,0.42166434938649866,0.47968319110030566,0.4950948430107389,-0.4816764222340825,0.1803727010084953,0.7013070393468211,-0.1611112466129417,-0.5826836168387863,-0.9825636330404294,-0.10882544825563457,-0.48852249307270956,-0.5621073022161379,-0.34377049480505484,0.1997426303647653,0.17742129281593016,0.6738173717716588,-0.3477447421574217,-0.4747550362332478,0.7000827208388872,1.1687523508923936,-0.3695881234077756,-0.3747731604633485,-0.36495980608919104,-0.3770058514517335,-0.3852535771026486,-0.3692411638046019,-0.5596748410262967,-0.39397248275973545,1.4311219799489248,-0.4995694925010157,0.9924582400420416,-0.7770263706600624,-0.05519614779201957,-0.2496192449559108,-0.03689694943528178,0.46251654031726674,Girona
27,0.08482046856007497,-0.10801629557170866,-0.4956765600498053,-0.12110971321938048,-0.7618351455565455,-0.8685573158427731,-0.1288907345646892,-0.9907763780811498,-0.4796147902075159,-0.49539707226137314,0.6356179937919954,0.7059049681134703,0.7547771354334933,0.6356101649824886,0.7059041847053622,0.04583894511055902,0.14662415596327413,-0.3082216132326477,-0.126364789686943,-0.315857580408277,-0.708770696310134,-0.6438970606937537,0.8930816416224393,0.5808356740988145,-0.2319938854625994,0.1997415996731142,-1.0392199042242019,-0.16208808770069835,0.17243113297845872,-0.08573073361499851,0.021891176499588997,0.20721573730176113,-0.06608743207524571,-0.08602273484285564,-0.048534517957019144,-0.0016057229350017125,0.07606351880253599,-0.02730420724439304,0.8103248776802643,0.5596188694142946,-0.1641075342772827,-0.06420243876455778,1.7259655007325536,-0.9928984663054653,0.334122842685649,0.20169746190492638,0.7824593866222059,-0.4036613777500394,Granada
28,-0.5815248866210563,-0.23949642651985556,0.10748564320702889,-0.13760173044829838,-0.4203441694700645,0.03790031742931097,-0.12121662436900403,-0.336225416041842,0.27950809945174027,-0.4558923538654654,0.5798628377379902,0.6295646682141388,0.7661809679199201,0.5798701269076765,0.6295609856549933,-0.5842594085784979,0.13829709011263655,-0.4144752765538346,-0.14286434077783944,-0.901178678461657,0.3409419620852355,0.7341432275993177,-0.0827792119670646,0.29395421194808585,0.657134445526316,0.19974273876163448,0.7042588173944118,0.6641389992095396,-0.7898937444856986,-0.5581754295900974,-0.5404420057821899,0.3759176248096573,-0.4065941526359492,-0.41318363590180013,-0.40072345253012503,-0.44783788169435046,-0.42145964865535884,-0.4025017901973532,-0.5810005467177084,-0.4564114100415646,0.5736815435693239,-0.31759377985713116,-0.26396016951501233,0.90888977355716,1.459032610718073,-0.16195970966168058,-0.4221538140445442,-0.18892997733107472,Guadalajara
29,-0.755505157174448,-0.2821899111475092,-0.7409620179270983,-0.14283889717512488,-0.5987817512460649,-0.8505774385077831,-0.1938458086572815,-0.6458286833691397,0.7190916770459634,0.18586218461839024,-0.6287645038938179,-0.8006686638290301,-1.1474521049800193,-0.6287680135769999,-0.800668808265075,-0.4231118496067682,0.13645939282146197,-0.43491324736824316,-0.14810389418503928,-0.06958853348339054,0.7264788765750273,1.0589914345170377,0.42320741055031486,0.8791346727455103,1.232104655253663,0.19974331569752096,1.4258761161104792,1.0306509153697807,-0.48122921724952916,-0.48975977482335437,0.9213102097004877,-0.770998629426534,0.01715924393605789,0.025754834261526822,0.009592902498099938,-0.18139617837704491,-0.06312771483298303,0.0025062192491978022,-0.6652926725311552,-0.30574049973845996,-0.23377460254320645,-0.6154782483867947,0.5099761924903002,1.3848992795467123,-0.6446305799475616,0.11854018049552535,1.166241585213361,-1.4131965428489284,"Hospitalet de Llobregat, L'"
30,-0.6519647880766396,0.21125687823181066,-0.49842130394486694,-0.08837589309194584,-0.5088507294568831,-0.793789763625985,0.066052499191906,-0.5519206378352276,0.43426067006956026,-0.478592551963269,0.6076799437953032,0.6675056233922099,0.6817735216082592,0.6076721149791658,0.6675025037823503,-0.4528554879754135,-0.0045455889159767065,-0.9644745708379123,-0.09361600839769799,-0.4181355169844193,-0.14612794200533863,0.0723472044373837,0.6897780795910725,0.19160868341341059,0.19794179760113262,0.19974201483271367,-0.4764286239472343,-0.4926583212443664,-0.5389459980528116,-0.5243102022659714,0.024130933993042544,-1.0378426796291378,-0.2753130216888123,-0.2790505529765412,-0.27197520115141804,-0.29061658769703125,-0.28422752091550485,-0.2701061971074406,-0.4075649497202566,-0.31034472462455426,0.8599410911410469,0.11498436124606154,2.364341989551845,-0.10367920582152204,-0.10877788703688067,-0.3643582354396715,0.08629822825790807,-0.9579561466519643,Huelva
31,-1.0198033954015868,-0.27954515978653754,0.03339648730860929,-0.1526153638652851,1.2179768314876593,0.659753228968493,-0.2633690805055673,1.1912591982898144,2.074364181355024,0.15072508893064512,-0.31745480393067294,-0.46774086549657323,-0.22366214894575806,-0.31745831353997045,-0.46774102560957326,-0.7834006661963073,0.1401539300839281,-0.3929566729652393,-0.1578848305715198,0.05854696164129622,0.3344230826392744,0.17303115161071642,-0.7922384092682844,-1.1778931038985831,-0.18423251547508754,0.199742414062437,-0.0589292547454257,0.23177990655133682,-1.0392591083053357,-0.7462681121729786,-0.01713947470347708,0.4503260618853833,-0.48470168477080644,-0.4947474195194192,-0.4757758752497488,-0.5311680955707477,-0.4808459808056324,-0.47099292062798465,-0.5454240140002824,-0.4806070816368558,0.5786429870642655,0.021239296247946887,-0.5860573967078654,1.968108944513097,-0.7372771447361316,0.057800407123071114,-0.06958846769172372,-1.1070433381484723,Huesca
32,-0.6313034143713281,-0.26597344903517595,-0.7851618592717099,-0.14038074361140165,-0.9623993673292509,-0.848530365409142,-0.19677445669441276,-0.7933576670071577,0.3860939024120528,-0.6334286583909978,0.8873541647578639,1.0651137669220032,0.8771655468463863,0.8873549748609184,1.065116027998325,-0.29349906051128466,0.14130249089091354,-0.3789226785848248,-0.14564462086808527,-0.21284217335659614,-0.5419912230511216,-0.12957598598947623,1.0590333853570777,1.1020303574500947,0.3050506290739685,0.19974209655011166,-0.2351389745929529,-1.2477166319376112,-0.21641153338945626,-0.42674224165853447,0.6975296851838996,-0.27772200777797074,-0.34771764167065916,-0.3527013207938055,-0.3432704047396201,-0.35112336142345496,-0.34958090079379633,-0.34002519742877185,-0.3930109136085823,-0.36954190173148027,0.07990846779847585,0.06167202269914111,0.7694015669648406,-0.10760876397573158,-0.49847098018983715,-0.2530228742262489,-0.2001854294479078,-0.09894144366312356,Jaén
33,0.9479373834901934,-0.03971749405725359,-0.39281491642384386,-0.07859436462098814,-0.7603157196340251,-0.749197936008662,-0.01288818470098966,-0.8487172170177597,-0.8345647821462581,-0.3227186755001111,0.38402004447113225,0.3698105937412934,0.4603451312651412,0.38401653502832006,0.3698100437654812,0.5188062165419004,0.13108029970875262,-0.4890083195485239,-0.0838300130962961,-0.21984814287420165,-0.18374129951653703,0.13690768028815165,0.5171597217310763,0.6188941290853688,0.26404086636219476,0.199739122618327,-0.10023370405291107,0.10879194958845252,0.5491695540169937,0.3856046295725159,-0.0930277884235936,-1.8467137068057804,-0.11394483581678626,-0.10465067078042034,-0.12210244500583643,-0.06621177760666036,-0.16316674056887573,-0.1411724599974288,-0.3625889353473743,-0.2301936260972401,-0.34607820316272336,0.6362520975910971,-1.0527810893455805,-0.07766649679952335,-0.16075053831133937,-0.24084141816437263,-1.253204288263008,0.8218086149805935,Jerez de la Frontera
34,0.2831298612490719,-0.32383928279603075,-1.0896959267458486,-0.1468498140769125,-1.0298238926410979,-1.5565342062407341,-0.28858189727742756,-1.3578170954263724,-0.5925305527223625,-0.4143325239427049,0.4909863199995936,0.5100936004926022,0.6408819549100726,0.4909763314425572,0.5100939588976446,1.0648842195107695,0.18682378420772439,1.2037337308025797,-0.15211664516844536,0.6800041129960321,-1.2317809711514422,-0.8118010596809123,0.910245825595899,1.0961788699959127,-0.23416106804491746,0.19974182762595602,-0.7251995598407966,1.0851282618924531,1.3517501170586097,0.49207326559310927,1.7320996802138005,-0.2687416791653831,0.27770638368476236,0.2925876991368861,0.2645626972848491,0.38964444487561783,0.2899350715804413,0.25285552139165884,0.029056133629971646,0.6808321368237146,2.063878051665676,-0.14338269388847955,-0.09269034960690876,-1.1819895564364304,-0.43647182653322,0.32921255999274285,0.9138490033674254,0.34323449193348937,"Palmas de Gran Canaria, Las"
35,-0.14143130278578747,0.9312893689129497,0.8344831193017432,0.03759050462376135,0.12009663834644413,0.5505784775217052,0.325691053583894,0.006680799419430756,-0.30884498335390126,-0.5069310282063151,0.6523082574263834,0.7289825106325578,0.5465498343006028,0.6523004286208374,0.7289780620302863,-0.541543635957834,-0.1321315518918164,-1.0694378702949965,0.03240794509584512,-0.9386053050952001,0.10029146997178855,0.006120840346019302,-0.617535560794443,-0.20204260266418073,-0.3331846414221373,0.1997423484387185,-0.22569657410648195,-1.1144136069858923,-0.7314966648679505,-0.4627014531428704,-1.1725823059881946,-0.22063277588366367,-0.16517553073380023,-0.1619478726102848,-0.16798606045925948,-0.24216493622402874,-0.24547909820048125,-0.17864093153746705,-0.7439248954122842,-0.5261325297452775,-0.8623210525621559,1.6496954084719895,0.29758626141415573,0.6171148992470301,-0.4271520197327409,-0.2184910881250164,-0.5739056446378051,-1.1798830693527025,Leganés
36,-0.4144528360585117,-0.11084651354364582,-0.09865408794621379,-0.11758096436540517,-0.1262402893421913,-0.20674859517436606,0.09815222728439353,-0.229639113452178,-0.002992534460229281,-0.4162773213319333,0.4553596909994821,0.4629690479148103,0.4508021752095543,0.4553734592792314,0.4629710973712909,-0.4489475646861024,0.10753480316557541,-0.6602843632969235,-0.12283442472714029,1.1730492177977467,-0.8530225375014749,-0.9532262034753218,-0.4317529874362029,-0.2686924719593838,-0.7939609996959639,0.19974173077722324,-0.9446022090931026,0.07336692348540125,-0.4953579461989851,-0.4444482169701823,-0.36066867520788287,0.9660535050654157,-0.32146048363284074,-0.3430116089929937,-0.3024402052275265,-0.3665919826594684,-0.2292728557913031,-0.2570805268800358,-0.21452183185013254,0.010964397783594338,1.8676018359760163,-0.516772315589278,1.1778498639686465,0.4891640919763934,-0.38589254739580664,0.6479262411957416,0.4759097695350423,-0.8266182994027199,León
37,-0.325235122523902,-0.3115311810535695,0.2487358428273686,-0.13236718056663888,0.0895181916557189,0.24825568192016323,-0.10617052135588287,0.05441978533490961,-0.1193360233100869,-0.33982145254068097,0.3778000704458941,0.3617650669315561,0.23212533719579834,0.3777879221487901,0.3617681510985795,-0.49839364963835764,0.14484388671244827,-0.3330666739205805,-0.13762740085383565,-0.18716898242694147,-0.34082898740456874,-0.5148053351017062,-0.46822218358112383,-0.41299744711673464,-0.44504460394086637,0.19974227571002953,-0.29719249368737566,0.5845197092823015,-0.5851851022379858,-0.4453683754438872,-0.6405553035201665,0.24057124357708662,-0.283312940125674,-0.2765721367069961,-0.2891935993154627,-0.30736045516694765,-0.29069805387370645,-0.2669765394286413,-0.4896335422388643,-0.3597226874335854,-0.9479353750087152,-0.040157104710492775,-0.04749389400382094,1.107953775802171,-0.7685845768549923,-0.13668050640663892,0.0648077058729444,-0.677424598453451,Lleida
38,-0.5113374625166338,-0.35507238747582565,1.119557899023308,-0.1448797594400115,1.8827256725903756,1.7838243388514954,-0.11507407212479365,1.4841290448478068,0.1485212125765132,-0.11280721443624235,-0.06383536305160703,-0.1800619108065667,-0.3818207406403391,-0.06383887260071135,-0.1800625845266929,-0.7000859127366895,0.1609428806903445,-0.043529307202194514,-0.15014569303109995,-0.6631139905771185,-0.5032240815671858,-0.6382856476727673,-1.584138271387322,-1.5858638836648653,-1.2716580527471892,0.1997419908764732,-0.6700462564864867,-0.5060688127439308,-0.8735847080455478,-0.5794235853091548,-0.932282742549691,0.553599840930141,-0.25516645947507316,-0.2626372661151764,-0.24854731962099114,-0.31010358301751845,-0.2347264482845793,-0.2313555566859576,-0.3947290984273216,-0.1631504739293167,-0.006798295297002366,0.4297663137955389,-0.4688618443423179,1.0758950976228128,-0.8163448168739792,-0.7214118549041918,1.0807300397605937,-1.3910052569946898,Logroño
39,-0.7403952612774675,-0.3083253837766914,-0.6169374524068002,-0.1518335765963824,-0.14162447680771123,0.03395094110747829,-0.2930102735443974,0.34391304438100134,0.6723124859809857,-0.49274544724958863,0.6744237206272277,0.759726223098056,0.8944382973069978,0.6744331695325613,0.7597322755398132,-0.46789013729679074,0.16609226164165672,0.09236147517186484,-0.15710269015144132,2.182554114999508,1.9466054277435303,1.7871599523177584,-0.053201980284134504,0.40229394714314237,1.3961437061007766,0.19974281732581792,2.0523430714628805,-0.14734813701520955,-0.16444686805006584,-0.4558015701661011,1.1296746301900733,0.041079657968890036,-0.38088678514882957,-0.3958795126704583,-0.3676266434447107,-0.3937420135063393,-0.3246309643871717,-0.3576899877908586,-0.09960558838503775,-0.12885369671657385,1.711339337270575,0.1295299568097713,-0.39162945014983047,-0.30586531705145614,-0.25980503058975146,-0.026722190410857917,1.3023917603331372,-0.5333058390620429,Lugo
40,-0.7403952612774675,-0.3083253837766914,-0.6169374524068002,-0.1518335765963824,-0.14162447680771123,0.03395094110747829,-0.2930102735443974,0.34391304438100134,-1.3642292139002983,-0.5124344779611286,0.6975067353431097,0.7919926318621879,1.0239203060545423,0.6975183439671246,0.791987496263735,5.689151558437487,0.18203811417862154,0.8096827903183308,0.03293356820791152,-0.2992184028039536,-0.4276223867536485,-0.5776414704929009,-0.3262702506977774,-0.5077312846540986,-0.6212532185195225,0.19973829367098117,-0.7628238940868872,-0.3929786098052078,3.8562815869670866,6.137931095759531,-0.7722824097759254,2.649865119925596,7.158258248186841,7.110690949697409,7.198834653526148,7.084286491270094,7.012509745010552,7.103973410342149,4.9840990114837425,6.4829541853745445,-0.6168655224652385,0.6433090174681652,1.6631378132615382,-1.011083111517809,-0.05571303688646599,3.1236987901080226,0.9909382640044083,-1.0480709808046458,Madrid
41,-0.7403952612774675,-0.3083253837766914,-0.6169374524068002,-0.1518335765963824,-0.14162447680771123,0.03395094110747829,-0.2930102735443974,0.34391304438100134,-1.0663810898801163,-0.46132226086186234,0.5888990777802094,0.6418568843550135,0.788622819577306,0.5888955683860222,0.6418539060531733,1.5179862142214462,0.1960314133437143,2.6397607544728667,-0.14460559629896,0.058270410212971836,-0.9483827828481205,-0.8676229287958805,0.3143068603729737,0.12173970313392804,-0.5833275233287434,0.1997417894392992,-0.8578531810340644,-0.4472083525508246,1.7376863859833123,1.3635032840837151,0.19801236854538443,-1.0788956104295384,0.7371938364312081,0.7598239100806014,0.717149957063207,0.9486684729514123,0.6478881452296097,0.6396683888024346,0.6952064948247296,0.6247357642319132,1.2497056075158048,-0.3258093983252888,0.01997153319998284,-0.5535066964864416,0.054218404797034776,0.8249145734288004,-0.1575631437783736,0.5810214679336138,Málaga
42,2.0287261290087644,-0.35785162410446425,1.496780356545973,-0.11474104747372565,3.768903027159255,2.105398145414051,-0.06343481012236737,3.2951310388225754,-1.0303435963229004,0.8566456841326441,-1.3211512791365234,-1.473384297105782,-1.6076452558339043,-1.3211569486972388,-1.4733829904827265,-0.027271786426968727,0.17905185608046362,0.6223815346417984,-0.11999321129285104,0.46775089175532075,-0.5360492355915323,-1.1669859682433128,-1.3496236877324441,-2.1699184485022704,-1.5827321064877629,0.19973543210829706,-0.9518655940826962,-0.22742462844567385,0.40756417779164067,0.4978508859463229,-1.0411716920713303,-1.882635021256131,-0.26646978045808223,-0.27014218927677075,-0.2631908403383271,-0.1742763746300579,-0.18969193769567883,-0.3077786500604359,1.8414379083142984,-0.16136516223879036,-0.9014257433103274,-0.7773922049812217,0.28670473748924674,-1.8590966097725874,1.9640212358244824,-0.6969236611072961,-0.18349707411128593,1.743607335844771,Marbella
43,-0.7937400904082293,0.03154827095340505,-0.9033940687100162,-0.14297467705738426,-0.8238467160194133,-1.0408091138164561,-0.27444342261623156,-0.7568602351442125,0.8471505712352219,-0.6208896180810339,0.8790090329406698,1.0528057442451555,1.1467540554166964,0.879009843041744,1.0528011950860667,-0.3649814906782662,0.13249685803736694,-0.47550389984717195,-0.14823973960620518,-1.3189557028537988,2.3484106962489024,2.5496691487625007,0.9435413378332541,1.535056286749192,2.412218924508485,0.19974404583049382,2.6299516571186152,2.0324016104926153,-0.3187352323093896,-0.4525532294562035,1.5659160997774628,-0.4663089086423109,-0.3083377286663754,-0.30177932225969856,-0.3140534279973755,-0.3524563982721874,-0.3511412065071377,-0.3177445990934839,-0.681160614680689,-0.43014853543619025,-0.18172368405082207,-0.44548527291980056,-0.1310587864237233,-0.47150460061610877,5.926096418983749,-0.33723144101718705,0.4811774051738912,0.04797714760263181,Mataró
44,-1.0058512135527315,0.1405014289333821,-1.085701851146828,-0.13385779860725222,-1.3807163166231746,-1.8815385176556392,-0.15379179743707094,-1.8106239023266286,1.9620821017147365,-0.6135721136186211,0.8700419037209532,1.039628362089849,0.8310412592443862,0.8700448735331026,1.039631774124737,-0.47163523044904715,0.04867106180762919,-0.8721746724171849,-0.13911869315074524,1.2140710129995376,-2.0230171750545907,-1.9721945106445793,2.3592297109439704,2.0739164362900646,-0.7040229225292735,0.19974094269881412,-2.1825251241527424,-0.781446358153706,-0.6375134768721294,-0.676024454283994,0.8900301167916408,-0.8101272040956657,-0.4075446379947843,-0.4028768084033506,-0.4115791008131023,-0.39133021851412403,-0.4911350255095831,-0.4483801239915951,-0.7895073279564864,-0.6457953948971351,-0.21803657972099708,2.2058106162581415,-0.6702726188751337,-0.9774982228858586,-0.4763688915052294,-0.6594312291095734,-0.43968704594538127,-0.12784139354785926,Melilla
45,-0.4780695545045906,-0.07003908747841717,0.20235913563494928,-0.12254312358645272,0.4924509534841226,0.6608863576665183,-0.10337810409473885,0.8442173100741139,0.0930731024037524,-0.5981526486040226,0.8263811416049089,0.9758542582882408,0.8301505833458657,0.8263841114066969,0.975855401898533,-0.556252625005102,0.1119567622724646,-0.6343091227273042,-0.12779885047317496,-1.2680241481369758,0.8082244710433852,1.1286080273085781,-0.6636009254409366,-0.6618838850392209,0.3637312651493628,0.1997428459095031,0.8233299086571397,-1.3879352529603495,-0.5867572021185528,-0.4844850925550499,-0.4000803626245725,-0.5541878386369183,-0.12045845606997943,-0.11350429034572294,-0.1265559320182559,-0.17994370759099831,-0.22517019891564835,-0.15531711397591266,-0.643057339582764,-0.5694498291838377,-0.8208744042010391,0.12210487632153827,1.1114509962037686,0.28624065453255887,-0.5353703180386455,0.45368352630701536,-0.2424999433414712,-0.5163430487232502,Móstoles
46,-0.4780695545045906,-0.07003908747841717,0.20235913563494928,-0.12254312358645272,0.4924509534841226,0.6608863576665183,-0.10337810409473885,0.8442173100741139,-1.1399741682170679,-0.22141352578178133,0.20433190596426493,0.14226497073401603,0.15180545706128126,0.2043391950448257,0.1422595413146925,2.1389118035230927,0.17819043547522614,0.5743865088294693,-0.10064491231354865,0.15266663108180797,-0.035739660413804566,-0.11534287067063044,-0.02595336874640043,0.012511937322517722,-0.11263213708196587,-2.9464398070432543,-0.1224354508377685,0.07143200156804469,2.5300577209313246,2.012760514903252,0.3541878649716909,-0.7376431231512085,0.45983615170859726,0.4967534602650333,0.42727042927448333,0.7100625824436204,0.41300480784552596,0.32237821496781627,0.6670080498583607,0.9833954864813366,-0.18176967010634615,-0.066847297320967,-0.7684309145420019,-0.15769230276123264,-0.4793101533202604,-0.4968166758425503,-0.7073850169757838,0.9207109741010248,Murcia
47,-0.2692759261924649,-0.45734535707614593,-0.6766592937096909,-0.15401725748399583,-0.026338034936468708,-0.3546668771671784,-0.3221687861051762,0.005457828750914157,-0.18330364768524693,1.7138519048143896,-2.071884866277085,-2.117152894172518,-2.194123525156714,-2.071886216589568,-2.1171507416023476,-0.07405831247399836,0.18847005469773367,1.3787322983612813,-0.15928737056596717,2.3699637995955376,0.3366152721874721,-0.017318499460368626,0.13673079510707606,-0.23039615162916371,0.11442191500519676,0.1997426616307304,0.17664653175037548,-1.8116026251893207,0.5843413304163366,-0.08481572205653057,1.180086947221679,0.06994499993792169,-0.36429056530485665,-0.384318546818745,-0.34660285667320045,-0.38694583720239717,-0.2874578023923266,-0.3368372593462705,0.07029256927971543,-0.02591638319175244,-1.5275305605947027,-0.6160539979613562,-1.4680342869513654,-1.0761707626218375,-0.8976314064561443,-0.5434786118126413,-0.6318068942303642,2.2127651979977445,Ourense
48,-0.36937874063852066,-0.18397899936582304,0.3184523377619316,-0.13790690807773615,0.8558786413269935,0.7295634276932648,-0.19432951659831466,0.7993057249988582,-0.06418157105480435,-0.10036214542869923,-0.07561875828830661,-0.1937819840302442,-0.5694034468396463,-0.07563090669302315,-0.1937798183399913,-0.5329136386939386,0.1534198074045978,-0.19887995585273574,-0.14316965106792315,0.6098983259152185,-0.42768007595228696,-0.591173159184117,-1.0012508464943242,-0.9943244893467705,-0.8108816944733811,0.19974213805378635,-0.5291850102549794,-0.7760359522167637,-0.4729517021877312,-0.43499140144171183,-0.4485775158946619,1.1090973108230615,-0.09809176506464766,-0.11628131098509273,-0.08206923137010502,-0.15669646959894223,-0.00517706333907469,-0.022029830709358884,-0.07363067671350795,0.1629977827978901,-1.1007683476194703,-0.6886776245353775,0.8928976884472989,-0.3113190638332042,-0.6204948350287837,-0.27431034175644664,1.8071336259409412,-0.648635560412375,Oviedo
49,-0.7606376053593116,-0.15089700478768292,0.08147682864279054,-0.131085891038325,-0.2633684788496657,0.16128213501772445,0.005168060386819414,-0.15620528376533,0.7354506555366017,-0.21116656810912288,0.14667620229143818,0.0712883553745102,-0.15784756201573238,0.14667917193190666,0.07128490821361867,-0.6645346661464292,0.098174032588652,-0.7086580299208962,-0.1363455201719943,-0.03939833589105999,-0.6833009151119839,-0.7001573214509824,-0.4361285398058043,-0.14828503499567303,-0.5579881577507452,0.1997423692622198,-0.426601802918626,-0.6463246872224877,-0.9243349657055493,-0.6407206415463421,-0.4608153920599171,0.47085252728558363,-0.4283528125661439,-0.43914230911856145,-0.418782627003299,-0.4725144742265214,-0.3995904436571846,-0.4016101000207121,-0.3301455631817671,-0.3747099092566881,-0.08456722526229211,-0.4350430043018626,0.4081761602631873,1.3169354203390429,-0.8619459097847479,-0.6706534816280644,-0.47774080563417576,-0.43016493243501325,Palencia
50,1.7853723340563246,-0.2142157075946964,-0.28802248743721837,-0.11940690150752568,0.40964224070675587,0.02339491710510044,-0.19434933041076372,0.21869560791571233,-0.9976874620610935,-0.43052418792067365,0.5365649074400857,0.5710172589739309,0.7860462214422977,0.5365570786070698,0.5710217042936105,0.912963701638802,0.17976013524476972,0.6637191027319781,-0.12466120016839584,-0.7888527066563102,-0.4316317860589035,-0.3038512768442083,-0.9259838340592872,-0.6902850070729366,-0.5612389316242316,0.19974201395227065,-0.16265039239681583,1.6210941070496232,1.2109210024030064,1.0505830774190115,0.267533514931495,0.04492837023142759,0.3740688257995987,0.4058035459559242,0.3460785878809047,0.71786816815325,0.28651536001701583,0.33636551185630464,-0.15064578447111768,0.05808723003617118,-0.37244233776117164,-0.2019065161886631,-0.3617275958894782,-1.0134612463378567,2.3838491579154524,0.12327629870121523,0.49932856400744463,0.5460744435534309,Palma de Mallorca
51,-0.7512546676640001,1.8847054081885466,-0.044383875896962306,0.09808670254261113,-0.3734318941122441,-0.16055279851643572,0.5844239696575216,0.43832235453845153,0.7057259485562896,-0.4634468294383305,0.5891409656589699,0.642199359301073,0.79546193808381,0.5891525742572655,0.6422045062784324,-0.6372334798336033,-0.6257064160132005,-1.1743261808315726,0.09293178588620235,-0.0726766910996965,0.913507258555559,1.6037661153039298,0.185782051713942,0.4870374402465364,1.4062294404262377,0.19973985252607027,1.7447871397202124,-1.2747363000344392,-1.0082042951284718,-0.6547883388245003,-0.6363782370691344,-2.00451090956982,-0.2994362469112069,-0.29158695976968185,-0.30628938426775926,-0.4119653207158894,-0.3871927429891975,-0.33737926710069943,-0.7515051225537813,-0.578235441976691,2.062672858610588,-0.30239073884508527,0.19541362331670295,0.8258196934267892,-0.6675224113895055,1.6762746834293343,0.20912752389972986,-0.7126520352406838,Parla
52,-0.7824556361670685,0.20392448025340323,-0.2595717972697873,-0.13379126961661997,1.1273810608573744,0.43824449561534934,-0.18357876043451937,1.2038828242106876,0.8078193005685118,-0.07612980653055831,-0.10929300655271795,-0.23279251480908666,-0.5026186593773012,-0.10929867582581548,-0.23279504965720638,-0.608086885300825,0.10339998426043205,-0.6826688486318202,-0.13905214101322783,2.132452214567658,0.7881197853184589,0.14643539198002034,-0.6436761998437377,-1.003014503235367,-0.0794575729370799,0.19974178898883999,0.30080199250581696,-0.2754507300536901,-0.3843547169183316,-0.5511806579306395,0.5178266638715727,0.07635952037548428,-0.4164344716450651,-0.4268547393002747,-0.40719129944983357,-0.4426059046984585,-0.4247248251481339,-0.4117800304667172,-0.635274973050827,-0.38650236279148054,-0.7991552126852663,-0.7221354803166928,-0.7244209638485286,-0.014299552548372632,0.1390782926920426,-0.3884611108205032,-0.2695460352794524,0.943662467559445,Pontevedra
53,-0.25035063510571026,-0.3635875275047977,-1.0575918878077495,-0.1514925080759317,-0.9498641034684568,-1.3004667388346902,-0.29478195500241944,-0.8880458834847789,-0.20358149967112285,-0.47252118868513077,0.5452901487810436,0.5827562463557863,0.3616391557968607,0.545280160236896,0.5827558555827821,0.3743216082620942,0.18420123703177588,0.9718336451818786,-0.15676146765952725,1.7740876553610219,4.213560177375562,3.93814315814145,1.8064265559913248,2.0571707160959805,3.909241969840905,-2.339043079662511,3.6610860015245437,2.521914654029414,0.6897215998754759,0.133074636031798,2.273568838917318,0.3797663370721948,-0.10598918017849775,-0.09817095595522418,-0.11284952656213697,-0.13243982220119863,-0.15718473783402065,-0.11658978571591049,-0.665899090702475,-0.23155610080843125,0.43178819474602614,-0.6098065461098642,0.3454130924444999,-0.033770143875171806,0.14923599086405448,-0.16327801427014182,0.5243917540751499,-0.046737350134017565,Sabadell
54,-0.47504072864158986,-0.21568575337301257,-0.09642043429368082,-0.12783037329158464,-0.3641254103368063,-0.3470941949906455,-0.09323265341202308,-0.4565183828403296,0.08821486703213637,-0.3068579539350153,0.24274024557010904,0.1900744732039268,0.06542579983146575,0.2427388958069689,0.19007264703452725,-0.48151359209702793,0.12424636290719507,-0.548281131608196,-0.1330885199190255,0.32454334378683247,-0.3527129623237536,-0.4300788437067924,-0.12619671015813386,0.00632743838720266,-0.35785718159020563,0.19974236891413769,-0.40067151850577776,-0.0015125227096269103,-0.5327363292338041,-0.4748029383812758,-0.34655615613045676,0.16487990241384803,-0.2730113561630058,-0.29588188595566056,-0.25283878203217214,-0.3635868706883375,-0.1609035495341889,-0.21571309633233143,0.6969246796434689,-0.10141627494637954,-0.6608061196246988,-0.11692623560056398,2.0504431571459976,0.21667784374757346,0.18135187311959222,-0.3979431536311615,0.6832804623423963,-1.2202823625243753,Salamanca
55,0.1311765798837053,-0.5237727916960725,-0.8772148907316016,-0.15676022694760927,-0.6459789189643579,-0.6614119189173706,-0.3320165104619649,-0.3956046674503745,-0.5085529748123595,0.5851748485656068,-0.8824357778897604,-1.057208742654239,-0.9523940832038384,-0.8824328084935368,-1.0572095668420503,0.48537176173335017,0.19821367887698557,3.265005887771755,-0.16203159389839555,1.7376289587266243,-0.4568419658631901,-0.5795411676093783,0.23378167341652595,0.4668981744828183,-0.2589169613892224,0.1997419985752308,-0.43202513037752216,0.3930647923930929,1.1501499110017666,0.2811497683715999,1.405754311863442,-0.9281543801468174,-0.24019631507342104,-0.2409287284289201,-0.23950897429785073,-0.17039284531351953,-0.2668747279821462,-0.25670170425597255,-0.40089434983573924,-0.25800690296017675,-0.3759096984675036,-0.4573054202452368,-1.157813898471046,-0.8281102601408878,-0.4878251040579882,-0.6331554599431097,-0.438877411732794,1.6422383842865995,San Cristóbal de La Laguna
56,-1.1429760031335667,0.5270187434080937,-1.0920431560078323,-0.13829167982258153,-0.35567360364278583,-1.1150544120900348,-0.27916421484782244,-0.20203601372389965,3.5148747601321535,0.25072281183268674,-0.5762402787918102,-0.7459569739846892,-0.8354769665961485,-0.5762481078889348,-0.7459532606104335,-0.6311002113378791,0.006940019153867133,-0.9486065309294144,-0.1435546007665738,0.07495567972201253,-0.4396217400701039,-0.5116196891679227,-1.0336073989957144,-1.2050414684556583,-0.8583930049321461,0.19974209184076525,-0.47616229983094965,1.8987655622237318,-0.7676837198733848,-0.6952591411176535,2.6108496161562598,-1.3656246739885862,-0.3298121748373105,-0.3264092060307399,-0.3327475637456732,-0.45000310339662686,-0.38006418973016187,-0.3261078370247259,-0.7593885587809382,-0.5986255807579655,2.2461360866502695,-0.6466150337632779,1.3813234688890186,-1.5489705750764722,-0.7404792999283131,-0.5867926264189273,2.4403792940647255,-0.4770049789349503,Santa Coloma de Gramenet
57,-0.33000006389796016,-0.4322091690035401,-0.9672992782943456,-0.156897324802982,-1.0193778394237694,-1.0436815105041064,-0.33146228611418066,-0.9000628162762079,-0.11359337959050957,-0.25105942884111604,0.15244695597040775,0.07833807041801172,-0.20549872258662605,0.15243912704622764,0.0783407377469762,0.1566719917324088,0.19289201380462498,1.9907620324893498,-0.16216875149311658,0.23844366576778914,-0.9800829974990457,-0.7520044396760852,1.0307519181097804,1.075040569788797,-0.22382527419072815,0.19974201692120644,-0.47884975227709836,-0.8532029111180562,0.6582359853980306,-0.1119484498533941,1.2952335078354253,-0.24436650150264524,-0.12305598345993309,-0.12578190668501554,-0.1206354655081368,0.00879658773429749,-0.14185087082367553,-0.13421377979540583,-0.2917390789981822,-0.11837673600637978,-0.6983121162335539,-0.5599118328952801,-0.6334691638745098,-0.47770390554032255,-0.6268478783266047,-0.15537988928370694,1.1533221800792315,0.32704917675729367,Santa Cruz de Tenerife
58,-0.11163630009211771,-0.20415254293472734,0.45207404228082443,-0.1287560774941419,0.8495160452764392,0.9128887681493192,-0.10575676742081075,0.8099444196857986,-0.33464566494568626,-0.4783310666000115,0.6065396152240095,0.6659618517122806,0.5840218417455383,0.6065533835396386,0.6659686277968387,-0.45556932359299057,0.14961041406143205,-0.26291361952920606,-0.1340146479151824,1.1457628102028528,0.1664898254075246,-0.338776477677919,-0.8626791686604567,-0.978133788287907,-0.6155852025349713,0.19974250141057526,-0.2655725576993493,0.6952516555784585,-0.30486091624603384,-0.31012290524463204,-0.49581570088448107,0.8172366309139635,-0.20650067725432733,-0.2248389296348654,-0.190327939257061,-0.2192760000439152,-0.16114781464586214,-0.1643855447919493,0.027742227592112163,-0.2053402080896497,-0.6419960897812678,-0.12956367649860173,0.18590682903094052,-0.6087508966692311,-0.13084469598781726,-0.03136542466488582,1.0778456513037817,-0.15923774590285558,Santander
59,-0.8413978785794182,-0.1552560352095218,0.06042748235790501,-0.1393682919466117,0.016395819134420113,0.1625045610221015,-0.1449184324490255,-0.04713374375915813,1.0294640536519344,-0.7036824212224834,1.050352039630343,1.3114902431172295,1.1781344759128158,1.0503571691984888,1.3114893800427594,-0.700031636024338,0.11312446575956488,-0.6270739820543161,-0.14463171036813677,0.9201429365930137,0.13153017103361886,-0.2803242587093683,-0.30758495195205376,-0.17473566121132816,-0.3991170038307262,0.19974231477712934,-0.436794753187355,0.25661479116855124,-0.907285262691824,-0.6722416766851148,-0.3488110438605299,0.32909162561545036,-0.489125635007149,-0.5015854595884051,-0.4780748729700243,-0.5303474688401697,-0.47793473947466963,-0.4682653977347294,-0.5419876443628037,-0.47642569373009674,-0.8897767534511631,0.9567013184553141,-0.44908066742163427,-0.08631340768100015,1.4432099541831036,-0.733637227671852,0.3588263923409356,-0.5968634434436342,Segovia
60,-0.8413978785794182,-0.1552560352095218,0.06042748235790501,-0.1393682919466117,0.016395819134420113,0.1625045610221015,-0.1449184324490255,-0.04713374375915813,-1.0956541475487511,-0.7102032124687204,1.0593882796725622,1.3254842962977542,1.397686084898336,1.059382610676836,1.325491476539081,2.1492243788698855,0.15833947619451294,-0.10200013141393698,-0.07226033759970436,-0.40029794985735356,-0.04289312104476959,-0.15620097172964767,2.461200738269882,1.3213897773788466,0.5120165656864643,0.19973808299939314,-0.5634439761225586,0.7975131443950934,1.586801860485361,1.427298982450947,0.0032700169900909447,-0.280929267996752,1.0002895815293378,1.0097756745818705,0.9917641399893011,1.2001732286891353,1.0594848284035907,0.9723154490125392,1.2735272908733422,1.5534736983983528,0.5582850364654884,0.7000345539527665,0.7274678227120055,-0.05660648351668285,0.45571431350314345,0.6341242000185519,0.16570777155477526,-0.8594933745896707,Sevilla
61,-1.0289517547480507,-0.12329650917262781,0.21473887706508896,-0.14470322744706765,0.867369299866055,0.7055728945481538,-0.22339982957365553,0.6452765947512155,2.152068470536674,-0.16114114955089615,0.0639678254614031,-0.028904007306537558,-0.06209990292468387,0.0639686353690379,-0.028899106154430698,-0.8055998415480882,0.09683404498050337,-0.7149281690532816,-0.1499690786078493,0.07495567972201253,-0.4396217400701039,-0.5116196891679227,-1.0336073989957144,-1.2050414684556583,-0.8583930049321461,0.19974209184076525,-0.47616229983094965,-0.8591077720140428,-1.1649445261473137,-0.7754082994065293,-0.383756444400375,1.0552153391475356,-0.5176308772882905,-0.5291565964022198,-0.5073969467509101,-0.5560912613928575,-0.5043402965467756,-0.49908990325273567,-0.44132222792372333,-0.5231726708899312,-0.2084789442490044,-0.53927086902594,-0.3071368666051365,1.38969973710949,-0.32587722581364525,0.29782267233405013,0.12592117700203576,-0.5747237488734617,Soria
62,-0.005824834313711164,0.03685460003003315,0.7354073293241427,-0.14470322744706765,1.6196750597540148,1.1439847850298717,0.004337156481135437,1.5032652771108208,-0.4176426658329983,-0.6509277491852551,0.9586592558749634,1.1714917540134173,1.302542813024141,0.958666545134552,1.1714903275936206,-0.4758145373001159,0.11584272633609391,-0.6093963792069272,-0.10889109339874935,0.5797542202276156,-0.28991826960758466,-0.5471294121913162,-1.0406871554048986,-1.4251620574841406,-0.8814818347515896,0.19974233259074403,-0.18865331065955937,1.2850137487226305,-0.5006374514491905,-0.3234386290819097,-0.7987891750942494,0.5978600319493229,-0.29241476928491067,-0.29088026276109674,-0.2937127719770329,-0.3079152450693103,-0.29434209053968896,-0.2867977047277034,-0.24898659792013897,-0.3448764112702611,-0.7766305864879672,0.4480302745148637,-0.44507626731676464,-0.051529765997443966,0.23557537163258072,2.30028799370255,-0.8025726119325516,0.28810036852908383,Tarragona
63,-0.07088635913010445,-0.3849573746638633,-0.9465717295695705,-0.1540150226600211,-0.7843416420338805,-0.8082687806551369,-0.33874161258605784,-0.2777969380683948,-0.3681226675382222,-0.3082716091801267,0.2588603449188493,0.2102752261761158,0.12343106772267154,0.2588546757331285,0.2102759850151351,0.3920158164886971,0.19183916639822218,1.8211162056029977,-0.15928513048801785,-0.4405822745836058,3.8971349228526693,3.6054039016629758,1.2244780908342934,1.761948109227365,3.658182202995622,0.1997444997500618,3.3668946981627266,2.424754630874702,0.8072796475023833,0.23950259048593706,1.9774158074119887,0.20208412095171108,-0.089432563891143,-0.07547702384854635,-0.10169610333634306,-0.0936430561123679,-0.1148022484575726,-0.10695603498396412,-0.5525999623608996,0.037368218048747064,1.7371509050879925,-0.39320355649714317,-1.4818503653649389,0.3215746120326389,-0.5730568340813066,-0.3707453490378068,0.14155904780451925,0.4885629293900854,Terrassa
64,-0.8753909127274453,-0.046431586285902,-0.2208993022517822,-0.14285653700367754,-0.28473540588511015,-0.08193463821059789,-0.22216603039430713,-0.19779299558163996,1.1781270864020446,0.015283842180791105,-0.23474642710063787,-0.3756414492331795,-0.5309453339356334,-0.2347477769771017,-0.3756427289365831,-0.6696366771074742,0.1206858244055455,-0.5755784032174911,-0.14812154384140291,-0.2083712585986478,0.20961250138853976,0.0708274467442031,0.13301251455264995,0.07900322972194329,0.15576509042195394,0.19974261664623444,0.08292465410132502,-0.7610683415234956,-0.7630673943826841,-0.6620672282173172,-0.027742684824923747,0.7453940020132626,-0.5259732500088502,-0.5366266823873346,-0.5165053567664779,-0.5585685524152129,-0.5271466819734105,-0.5150995301496847,-0.5312742566694879,-0.5678524450396825,-0.9186518703876478,-0.5203169389990983,-0.7174900097486803,1.557680770568055,0.10733631158569963,-0.7966634778030662,-0.9975368064586589,0.16929035235783943,Teruel
65,0.4180129567554368,1.0149520135225034,2.242877464296667,0.1659057978422051,-0.1610921214400051,1.0859679191962464,0.5978804684683959,-0.18785108747464557,-0.6556017476652202,-0.22138084011137454,0.253210535179259,0.20318862921534586,0.37199326311717273,0.25321566455821426,0.2031872867106597,-0.5683563318594959,-0.18019882166410794,-1.0912644678612,0.16078186733323613,-0.8740766384856427,-0.27817851768499274,-0.2698028592950251,-0.13731399343197245,-0.16934404675489956,-0.1403053915947923,-0.9300969887613432,-0.3963861213619183,-0.151960415883557,-0.9267469162527576,-0.43731539095807564,-1.8763829403385435,0.8967766843397397,-0.41049160853136846,-0.41890688632344036,-0.40301369216384714,-0.4372198193963547,-0.4329251538971644,-0.4092156927038277,-0.5606855379784964,-0.5206826309005129,-1.434480905886458,0.9397154855387196,-0.15968888825544264,-0.8423891573837378,0.8555709617521697,-0.10158718666899674,-1.6118740320930511,1.0100198048339208,Toledo
66,0.7514113213037773,7.778142666152365,4.541742445922522,8.4142194422205,0.04697426582514534,0.8139635885853824,8.284704253151633,0.5414228073464582,-0.7782666095807966,6.204470790719413,-4.907968411612329,-4.018241857439627,-4.295593783084107,-4.907961123745101,-4.018236638046615,-0.6714820853274267,-8.371581355635191,-1.2402790946902729,8.412864415117403,0.07928831876579867,0.30182868540947533,-0.020387240956218175,-0.6592065938766164,-0.36017548313331266,-0.2596671399754258,0.19974256361489873,-0.03508114069626157,-0.8560575042073345,-1.46778947867331,-0.6092722812436357,-2.6730252126750793,-0.47464778521114226,-0.3009015785060776,-0.29746448911573153,-0.30387215237901244,-0.33706097848162453,-0.3766295231598993,-0.3323147000189926,-0.7429141984600847,-0.5236424897558591,-1.4591031454916636,7.0010838236358754,-2.386579746845323,-1.2057551153818657,-0.8326032304014128,-0.6570219470544725,-1.76355446801868,-1.5025327629292324,Torrejón de Ardoz
67,0.9273620741086543,-0.3101834402712454,-0.6446499011128007,-0.12345570536105581,0.09170236641934233,-0.5939031553153937,-0.18063971879817223,-0.015267498628401302,-0.829107209855344,0.33411621416786813,-0.5507383852883371,-0.7191859708934812,-0.28871329939133783,-0.5507440546662042,-0.7191871246632396,0.8119004632402299,0.17193077907716023,0.28824033083092515,-0.12871185286404863,-0.08765656013406337,-0.34720364385393687,-0.35385715017180397,-0.2351160395301949,-0.4731773790642232,-0.4007840673555877,0.19974227014071552,-0.2655725576993493,1.2515447171988132,1.1923370535246338,0.6976051220487315,0.7848133267218508,0.6061989085181543,1.2537989363049034,1.2699596154891328,1.239355246854785,1.3092318242875993,1.4716996518601735,1.3251683251861393,2.6020884345397195,1.977015406032431,2.1404270023968808,-0.34117038637896624,0.5128655875438612,-0.8646058913522467,-0.07514939829176136,0.1502143612325597,2.7864255170703283,-1.0953274129002304,Valencia
68,1.5857355020170207,-0.33907404012533876,1.3541104618074977,-0.07106208142476567,0.4677602822431646,0.9260763567100949,0.20678555307300814,0.3673450090392289,-0.9669821780580906,-0.3287124103110322,0.35946842477706903,0.33813956449877275,0.2478871196142743,0.3594649153284289,0.3381355046646471,-0.11313754536710896,0.14260419313882824,-0.36272485752844835,-0.07629428382166278,-0.6779555838973231,-0.24024786958129238,-0.021030215364871253,-0.41684230682906187,-0.7566494379557402,-0.2853399182584073,0.1997424664385593,0.03171778992469465,-0.11619070123980188,-0.2052769158529382,0.11147933467368368,-1.4564532542409574,0.8461019728829952,0.08677530760779309,0.07531320617343423,0.09684533978665258,0.032336631508156057,0.16695008035410044,0.16056267408911643,0.22725380595631367,0.17121961295162982,-1.0184480672754734,-0.1753570156241201,0.40737799990001683,1.1559408890428613,-0.1827205859480798,-0.34716400865441965,-0.30238492236707504,-0.6046879806687647,Valladolid
69,1.485939698494993,-0.09194361089306231,-0.42156847488314364,-0.09340170659415388,1.255487658949884,0.23972508318458363,-0.15483051925007432,1.2946366405360663,-0.9500650777944672,0.5520642644431085,-0.8764922471545331,-1.0513392489633118,-1.0649532498794776,-0.8764914374701032,-1.0513370130689452,0.8949981098504414,0.1569994885863643,-0.1303538153960694,-0.09864411445283744,2.9743669462034537,0.7783126215502013,0.21421073987406017,-0.7609147124764573,-1.05988017806111,-0.09712844630068193,0.19974269803602573,0.36435661116475576,0.03176723115483012,1.933122432788049,1.1286742591839425,0.855232138002133,0.1514094094949666,0.08078119283259064,0.07490013679517672,0.08594152202763145,0.15877864404731554,0.09406436203217065,0.07491379280860595,0.2551490418370227,0.1632796741174469,-1.2360465088598882,-0.5281149603887308,-0.5204334856885403,-0.32429355305393726,-0.4605763890316968,-0.4204902974829604,-1.2638212139768765,1.5973845828768325,Vigo
70,-0.8405404017930671,0.6268559098130799,-0.45376716016245194,-0.1030923904255919,-0.5613658879039979,-0.686019415270003,-0.030850130317868863,-0.7531376504447459,1.0259298548556157,-0.47219433198105887,0.5543263888232648,0.5949588921261535,0.2634103281313608,0.5543358377000946,0.5949611259246458,-0.5939206633770724,-0.018519745400952494,-0.9816406068346744,-0.10833922988270134,0.1190195406354022,-0.26268896785101575,-0.23592979840275266,0.5925957469185877,0.3775242360227275,0.06624377913648344,0.19974231739798298,-0.1844163360822959,0.3132885863943763,-0.7864225312258414,-0.6288722304106238,0.10732648209103689,-0.028197162756785944,-0.46831979005676694,-0.4818228270455064,-0.4563548183175164,-0.5084910583116754,-0.4271624912625874,-0.4330465497775897,-0.29507437894044086,-0.3965095046357466,-0.04441758970387426,-0.40093996203413346,1.1461856714515402,0.39695210945348824,-0.6134536722487692,-0.6909057774046461,-0.11746041551899979,-0.31574814064841955,Zamora
71,3.1469786573421237,-0.4281223739321232,0.9293944702661475,-0.10517494075308399,0.47450273477434946,0.8597514589120239,0.11270856573258879,0.3507515206504896,-1.1359127590074984,-0.09556552329644193,7.487005771015009e-05,-0.1050124780116137,-0.1660385992967761,7.999937658891029e-05,-0.10501222380697099,0.5411682220307359,0.18244011046106698,0.8386106752688506,-0.11042273342247941,0.031168370236957482,-0.678512711625132,-0.8016011474709022,-0.9309227622704678,-0.8016377032877624,-0.8873165570886326,0.19973185978238664,-0.7808855114276758,0.5492395577296549,0.6230215808568791,0.926419311545746,-1.1149167360973875,0.8287827677015762,0.9781162490651416,1.0002701021424505,0.958448378740051,0.779353529624119,1.0086826701778342,1.0256595025210116,0.6262769626847167,0.9407359334550756,-0.6630218752953569,-0.10068698305363677,-0.7272383344212472,1.5605690749508419,-0.7510676651194625,-0.5926861481700213,0.11441878631683673,-0.7147222352999577,Zaragoza
