Ciudades,TA,LPI,AREA_MN,AREA_AM,AREA_MD,GYRATE_MN,GYRATE_AM,GYRATE_MD,PRD,SHDI,SIDI,MSIDI,SHEI,SIEI,MSIEI,NP,DIVISION,SPLIT,MESH,PAFRAC,SHAPE_MN,SHAPE_MD,PARA_MN,PARA_MD,FRAC_MD,SQUARE_MN,SQUARE_MD,IJI,LSI,TE,ED,RNMDP_2020,PobT,PobH,PobM,Vehiculos,T_Viviendas,T_Viv_Prin,T_Viv_Sec,Viv_vacias,COM,ED_SING,EQUIP,IND,OCIO,OFI,RES_PLU,RES_UNI
Albacete,0.0010226206969895,1.8661786985151384e-06,7.41891995136952e-08,1.8960643435463975e-06,2.0079198776171184e-08,5.338843001272208e-06,2.296976634197055e-05,3.637609951866055e-06,3.1746474585354334e-07,4.609558475138403e-07,4.809910911911676e-07,8.961170593409824e-07,4.7503740490429926e-07,5.497043772315137e-07,4.309408853077217e-07,0.0087808272820667,6.358493636307158e-07,0.0003435750536824,0.018960645824328,6.604616708615582e-07,7.898380895496589e-07,7.618966613542141e-07,1.601214177532768e-07,1.5459071966397737e-07,6.765071930307904e-07,3.337708134637481e-07,3.186152227884978e-07,6.293629288052524e-06,5.076335825127371e-05,0.9849482654144288,0.0006135627875678,0.0079813541074444,0.1110573349569346,0.054283910041645,0.0567734249152896,0.0796625648653723,0.0530327823006424,0.0401201757272608,0.003292173200357,0.0096070557342461,2.834897923489388e-07,4.373277227206363e-06,7.656250838143523e-06,1.827490524486561e-05,4.452270116392908e-07,3.5257597688508454e-07,1.069540998519967e-05,2.1621905729470223e-05
Alcalá de Henares,0.0012862964378667,1.951807516631384e-06,1.0865844543961517e-07,3.6305136477416407e-06,1.5810106014306378e-08,6.045226639182051e-06,4.426242558430872e-05,3.881348377456782e-06,3.9438705222944606e-07,6.129024023386315e-07,5.941459181510133e-07,1.091655410127949e-06,6.143142749065456e-07,6.790239064583009e-07,5.249753107811787e-07,0.0094268175177475,7.940712146234515e-07,0.0002821368125328,0.0363051367083487,8.163625563006188e-07,1.030180424019435e-06,1.0091098384881291e-06,2.589269175522208e-07,2.618016270672629e-07,8.697580956668567e-07,4.584588327226006e-07,4.608326579481797e-07,9.18006232732476e-06,5.034834329870105e-05,0.97177271792546,0.0006016035636325,0.0105456449051807,0.1573222607231992,0.0764951442450027,0.0808271164781964,0.0987586147772873,0.0628669507157976,0.0572266273099684,0.0009993796236503,0.0046170542294222,1.2402570420502983e-06,8.965885574818067e-06,1.535372259444269e-05,3.331551000357218e-05,6.555873776611888e-07,1.5102050265155167e-06,1.1143930309475251e-05,7.446744588628973e-06
Alcobendas,0.0015441170354702,3.210428534327605e-06,3.222951836328951e-07,4.280435893738885e-06,7.75896843540617e-08,1.4475389239664547e-05,5.109846078437717e-05,1.0378598004137468e-05,5.515141489500783e-07,8.570878402432784e-07,8.308586160444787e-07,1.5265800463276795e-06,8.590622146384754e-07,9.495527040508328e-07,7.341298607765692e-07,0.0053351538225545,1.110491499928702e-06,0.0004017102767805,0.042804363759183,1.1448019621342388e-06,1.3890987781626284e-06,1.3203642687609677e-06,2.284450283715194e-07,1.833116982884188e-07,1.174404215122126e-06,-4.247695576991457e-06,5.499028010934229e-07,1.7117807075526875e-05,5.221663820200222e-05,0.9444171363172033,0.0006810898672493,0.0208060976874575,0.1318666061793863,0.0629773093885929,0.0688892967907933,0.2750928249957752,0.0458671782085574,0.0435420266365486,0.0006302853399219,0.001684844027035,8.682005725625058e-07,1.18135601075276e-05,1.7949345163666512e-05,1.4163478597203386e-05,4.7500545517858646e-07,5.3200499397224936e-06,1.574882370922267e-05,4.501937037340291e-05
Alcorcón,0.0011962527728776,5.00897096095145e-06,2.4503395040152205e-07,4.595457360518558e-06,4.286961784382826e-08,1.4658541195201522e-05,6.669300696531342e-05,9.237828871874468e-06,1.544949286408634e-06,1.0867026342912266e-06,1.1515504359330254e-06,2.1542070362482787e-06,1.1416359343483668e-06,1.316058509597585e-06,1.0359552206918742e-06,0.0074202969088306,1.5140901532378045e-06,0.0003956559841128,0.0459545721764516,1.5640517631702443e-06,1.89744074831311e-06,1.8589166095480088e-06,3.9860004998851683e-07,3.810767802093466e-07,1.6274009141049345e-06,8.20103920976454e-07,8.146838515833997e-07,1.250872675585339e-05,7.343726953184389e-05,0.921873275145896,0.0011713097974423,0.0205524897175765,0.2620115654100511,0.1260918499098084,0.1359197155002426,0.1510582155436579,0.1077037401181178,0.1004156770952085,0.0019804684293745,0.0053015148746418,2.9140424180922515e-06,1.043323740434718e-05,5.06069806805286e-05,3.803147631386171e-05,5.618887113948606e-07,5.237710139971903e-07,3.623038172200563e-05,1.2691194069859212e-05
Algeciras,0.000815709419759,1.5687208526650671e-06,4.8559656460681244e-08,2.017426653930052e-06,1.0234350345054478e-08,4.189312139298901e-06,2.920124047943608e-05,2.828462671638688e-06,5.771625860097093e-07,9.27759469979962e-07,4.794740587898662e-07,7.524675486438075e-07,4.805135269494906e-07,5.479707912656604e-07,3.618607297176807e-07,0.0128863366386496,7.65238047871311e-07,0.0003101770257317,0.0201742661480615,8.04657288743856e-07,9.66587249634005e-07,9.316480781726824e-07,3.099648023889504e-07,2.968222426024671e-07,8.290560229260356e-07,4.136116684986847e-07,3.9987918176404563e-07,8.301072282538093e-06,6.307187165947736e-05,0.9891234678363104,0.0009302226796501,0.0081814966216929,0.0944174628415122,0.0465873519305009,0.0478301109110112,0.06918638699646,0.0414935743807549,0.0327505348123128,0.0036055353138262,0.0051290657677111,8.86170531491562e-07,1.5725664606299266e-06,1.0295372388571718e-05,1.114246444216892e-05,6.630720441571306e-07,2.723844528014871e-07,8.23504778124212e-06,4.364643921745789e-05
Alicante/Alacant,0.0010985978992464,6.908908942577904e-07,5.540658059256824e-08,1.1545628748034018e-06,1.1168564033363972e-08,3.585069169948761e-06,1.472769398276147e-05,2.134570508230804e-06,1.2569640905981833e-07,3.1511038580109013e-07,3.0850239491683105e-07,5.637511554065908e-07,3.081484176622954e-07,3.525742249715585e-07,2.711071076794594e-07,0.0082378650269154,4.150296061515106e-07,0.0003953274394817,0.0115456281622265,4.257943369789959e-07,5.155180152797641e-07,5.005907279813959e-07,1.1132543108518625e-07,1.0900006642129449e-07,4.431201110032257e-07,2.2242401759176166e-07,2.1536026021897489e-07,4.178522423834231e-06,4.07215720289479e-05,0.9753905223830748,0.0003688718625042,0.004850984065678,0.1402123847596064,0.0678809550848587,0.0723314296747477,0.0979391081495792,0.0775085547554615,0.0551061984857264,0.0119267899600394,0.0104581167267256,4.811996558005289e-07,1.266795138280364e-06,4.843803919586868e-06,7.333238428613187e-06,9.857781835102951e-07,1.748705179483059e-07,1.0563081485682504e-05,1.5897858791442152e-05
Almería,0.0006875351221898,1.4907915262284242e-06,2.6518253719728853e-08,1.7901304976679628e-06,6.5142727950640865e-09,2.804760721830556e-06,2.2057053464115417e-05,2.031625947505068e-06,3.689227115377002e-07,4.018341758473813e-07,4.274486861289497e-07,8.015331522446041e-07,4.294892881351138e-07,4.885124623873575e-07,3.854558671958099e-07,0.0145989757764393,5.616137633940478e-07,0.0002162620276109,0.0179013069024133,5.786801558346734e-07,7.139792762676562e-07,6.939910615836572e-07,2.3451269446225958e-07,2.32835279071431e-07,6.109204287560136e-07,3.129238400931572e-07,3.055683257425717e-07,6.087131550628118e-06,5.824565646301316e-05,0.984333159548024,0.0008061527638033,0.0063250779070753,0.1133603965466239,0.0554808378226691,0.0578795587239547,0.0800829302214884,0.056134573730273,0.0389527498847733,0.0069123703718736,0.0102593180331979,6.744938301571899e-07,3.618421940965105e-06,1.2147918805479053e-05,5.249943501212791e-06,6.278985572767523e-07,4.668431903109361e-07,1.4257105326823502e-05,1.926537722424455e-05
Ávila,0.0017373659920087,3.767153728226525e-06,6.701026710224719e-08,4.523567956790611e-06,1.6461233254186173e-08,7.087486495686145e-06,5.573704285887018e-05,5.133814572898755e-06,1.5605701599009017e-06,9.449038154268482e-07,1.1105619606095455e-06,2.15768649158778e-06,1.1105164286306248e-06,1.2692124496614737e-06,1.0376282676245792e-06,0.0100867562052835,1.4102932863473645e-06,0.0001609302211672,0.0917632732325563,1.472515581291228e-06,1.7861199318564576e-06,1.725092851359263e-06,4.5764618875530893e-07,4.298859103570746e-07,1.5252515730018256e-06,7.665664369890681e-07,7.391946032860013e-07,1.4761925731639455e-05,7.862015337488976e-05,0.986725576793833,0.0013527669249351,0.0187947471738737,0.0830517524257578,0.0395331406979262,0.0435186117278316,0.0593267456593735,0.0490706674074784,0.0323988487507839,0.0049885974405027,0.0116519179806837,6.73333423890028e-07,1.0200037769699917e-05,3.4301076125299074e-05,2.38084632696452e-05,2.5261589071941774e-06,3.5186519971341974e-07,2.7814954991343947e-05,4.2611544431966905e-05
Badajoz,0.0011399344512634,1.1572908707364738e-06,5.45319383322294e-08,1.7988475038369074e-06,8.101588655301631e-09,3.4871908588830174e-06,1.848088215211016e-05,1.9875467938029384e-06,1.5080534556960789e-07,7.766191136289763e-07,2.508400556821433e-07,3.61095274272798e-07,2.555011230237384e-07,2.866744155734737e-07,1.736499064508758e-07,0.0096901990759526,4.628256765121911e-07,0.0002937574013191,0.0179884757151625,4.675099217122725e-07,5.857169999924073e-07,5.654479627461372e-07,1.563995534938615e-07,1.5683158877604613e-07,4.980615840974052e-07,2.549633967068563e-07,2.482445990888473e-07,4.223050781249494e-06,4.082411754324865e-05,0.9937107647651532,0.0004040949453454,0.0054583856735238,0.0699897157139132,0.0339184781088527,0.0360712376050604,0.05397242482837,0.0334071745506449,0.0260968779840656,0.0023924185529559,0.0049086068702288,5.916630654236554e-07,8.580934962345396e-07,5.406789095079639e-06,4.022679188501994e-06,1.153236154715167e-07,1.896223824834785e-07,4.91698866992207e-06,3.0254557460412093e-05
Badalona,0.0005845208326578,3.500414703390284e-06,3.93938380732016e-08,1.7253047447899542e-06,1.2307785559900902e-08,4.6995618300204725e-06,2.419821593922707e-05,3.5864233246309184e-06,1.0077899363730668e-06,5.727921377190192e-07,6.68870609307938e-07,1.2972335615608192e-06,6.67246218450733e-07,7.644239212536402e-07,6.238373117981005e-07,0.0127325470360321,8.555708691994754e-07,0.0002907195005409,0.0172530449336548,8.983181776741336e-07,1.1472103825032275e-06,1.1178031586910685e-06,3.330653416304467e-07,3.541601120703159e-07,9.48157715644196e-07,5.345678953871648e-07,5.458176387247024e-07,1.2408088477443346e-05,7.606310157977859e-05,0.959853383876624,0.0014091097782739,0.0107580497500158,0.1914996355198246,0.0944068850121437,0.0970927505076809,0.108396554396726,0.079712712249978,0.0701868998327389,0.0018869706788135,0.0076208215545896,1.0694240107432248e-06,7.302141482871989e-06,1.3912557551208508e-05,2.044563723494421e-05,2.2029387703568722e-07,3.99735164954579e-07,2.6527045841959245e-05,1.5933564056439134e-05
Barcelona,0.0006704786920595,1.7618860692766709e-07,9.639516626102331e-09,6.249969565174968e-07,3.688533485570435e-09,9.377209996466548e-07,6.34682190646647e-06,7.585233497911131e-07,2.725337484167604e-08,1.2544761930528192e-07,1.098439710336389e-07,1.961055693711605e-07,1.1514009817183627e-07,1.2553588053430646e-07,9.430682094824725e-08,0.0105120030561686,1.5099138623133177e-07,0.0001621302911147,0.0062499701243642,1.5914935349420182e-07,1.956536839691341e-07,1.8857993940664443e-07,4.748454121520717e-08,4.3802506416020384e-08,1.6329657333266522e-07,8.638295752743033e-08,8.613630970933434e-08,2.574533501915708e-06,2.6664034514891007e-05,0.9260148117336594,0.0002087325008434,0.0025314650447965,0.2515115558913208,0.1195014723964773,0.1320100834948434,0.1463950013711886,0.1226469877384087,0.1033862414874232,0.0058592458699532,0.0133387805008178,2.642983458295875e-07,7.031036276171857e-07,2.764704067358228e-06,2.1938902788384614e-06,3.161804550231545e-07,4.111723195810463e-07,6.811141603334103e-06,1.6487334507596465e-06
Burgos,0.0014978419832018,1.7950646194106e-06,1.6019661564573622e-07,4.839332494097632e-06,2.5959390195928084e-08,7.618858060004788e-06,5.083618575696736e-05,4.801484070627269e-06,3.9734418838752587e-07,8.901749784639381e-07,5.767405922434278e-07,9.527683580871064e-07,5.758176913725888e-07,6.591314893323616e-07,4.581849188802785e-07,0.0080646010676123,8.597373627339948e-07,0.0002669634370552,0.0483933283306963,8.984871239707381e-07,1.083385569560362e-06,1.0541416872932607e-06,2.465430486166026e-07,2.1685151630093562e-07,9.225368856357898e-07,4.7342399606344155e-07,4.591906220722396e-07,7.016491011898277e-06,5.11356921027558e-05,0.9715008669234556,0.0005594335029395,0.0124384611760467,0.1521647904969013,0.0724477183608658,0.0797170721360355,0.0927713755754272,0.0794729777935612,0.0613047685007071,0.0059453791613958,0.0121676285840435,6.826738297483358e-07,7.123920018995231e-06,1.2424470706114651e-05,4.512051653607088e-05,2.652174319485722e-07,1.1787394460286832e-07,1.2802159339890929e-05,7.715586038404556e-06
Cáceres,0.0009989641761737,1.0744440827490225e-05,8.75286206367155e-08,1.5509207560826016e-05,1.7091322716352953e-08,6.2717634266597945e-06,7.779779611117075e-05,4.344948063382011e-06,7.923989611113323e-07,6.732918786568226e-07,7.697272449344544e-07,1.4785406655654925e-06,7.637917355264414e-07,8.796888483379719e-07,7.11027673009492e-07,0.0113527683716526,9.79279474518774e-07,6.407111244585008e-05,0.1550920749119544,1.0281074199370966e-06,1.2475750438199032e-06,1.2145084770793023e-06,3.380693872859891e-07,3.467155156209058e-07,1.0681708650380062e-06,5.409967647407014e-07,5.301184790215747e-07,8.960602903506918e-06,6.467641205459473e-05,0.9759846039142248,0.0009718405424555,0.0127473693755129,0.0957470182785795,0.045860688075587,0.0498863302029924,0.0734682175057849,0.0500454858097097,0.0368524807353884,0.0059573933039365,0.007217706764629,4.322135763068274e-07,5.581230000298884e-06,2.010976724764292e-05,2.731946707274812e-05,1.3960236470872929e-06,4.025257448304012e-07,1.596399163332802e-05,2.826703527009529e-05
Cádiz,0.0007195648100516,8.949789977511282e-06,1.4396969947120946e-07,2.808699287406076e-06,4.631879208891482e-08,1.3160058453611878e-05,5.450925753794578e-05,9.667458498579412e-06,4.7831956980979895e-06,1.757766113500627e-06,1.4792725870750202e-06,2.5904569039028093e-06,1.47393983822989e-06,1.6905954644921897e-06,1.2457454792466805e-06,0.0103668139743135,2.066096898633818e-06,0.0005313903893878,0.0280869948030597,2.2105395139886098e-06,2.5769642818734155e-06,2.4860876871041877e-06,6.138178523874727e-07,5.970127449805321e-07,2.2107759719304007e-06,1.0520698313800226e-06,1.009252276183593e-06,2.1511280041788737e-05,0.0001071377140875,0.9305379203332792,0.0026823362172419,0.0269582795566533,0.23944270475806,0.1132094251136523,0.1262332796444076,0.1465873303706859,0.1228004911034934,0.0974165236329753,0.0110886329545178,0.0142579990515068,2.16955991940922e-06,2.0700164814801436e-05,3.6079650966788826e-05,4.714208218271223e-05,3.327474378028556e-06,2.6566460097722946e-06,9.137049789227204e-05,3.973171035880149e-06
Cartagena,0.0008023256941562,1.6376962013166729e-06,1.9544189143915904e-08,3.847967439839912e-06,5.033596825532922e-09,1.7722098536449396e-06,1.778321834496783e-05,1.2710042205025108e-06,9.964296221767915e-08,2.497944948301551e-07,2.3222290156586765e-07,4.193419557744401e-07,2.317499843485721e-07,2.653979179106976e-07,2.0166094251927646e-07,0.012977404815787,3.146050175945279e-07,6.591326898203893e-05,0.0384796736713205,3.2570529511332226e-07,3.927362527268154e-07,3.797054234392884e-07,1.112819101497567e-07,1.0801606270866016e-07,3.388774305479957e-07,1.6677413023082657e-07,1.607652997051888e-07,3.811682739894456e-06,4.090803634316791e-05,0.993358524005728,0.000391389215051,0.0035064156244935,0.0683163061465973,0.0339760672997944,0.0343402388468028,0.0505771686809953,0.0366005049588772,0.0242145627858441,0.0089563439842365,0.0034197984336252,4.638541122495221e-07,1.391672248273598e-06,4.516675979393138e-06,6.597653449437027e-06,3.815971599583935e-07,4.3733102493144466e-08,5.042597037647002e-06,1.3174330368030676e-05
Castelló de la Plana,0.0008405949490198,5.313847200299103e-06,5.718714415969372e-08,5.924714824813114e-06,1.2571169053009616e-08,4.833024438479357e-06,4.005246245955519e-05,3.338258322727805e-06,5.922372718831789e-07,4.966353298209746e-07,6.282681545699394e-07,1.2556622594843357e-06,6.338642811551583e-07,7.180207480799307e-07,6.038460396909154e-07,0.011595357298581,7.832936404068777e-07,0.0001119220607588,0.059247144382749,7.849936196557002e-07,1.0262526236295454e-06,9.781088957614995e-07,2.8927099331077564e-07,2.789259687775698e-07,8.527829545829924e-07,4.598597694493472e-07,4.461818389642735e-07,1.1719442373235984e-05,6.0759596514630896e-05,0.9743502021996792,0.0009143756434804,0.0100854917383739,0.1374687627920223,0.0665153365575249,0.0709534262344973,0.1013384845668156,0.0717777781208173,0.0543654152626922,0.0065971816509989,0.0108041372584098,1.1535815631886308e-06,9.566527098290118e-06,1.1526867832524938e-05,1.871774921087315e-05,6.586179921720946e-07,1.2416292502709652e-07,1.913951082031822e-05,1.7998330527653254e-05
Ceuta,0.0007360901588895,7.09573723449287e-06,1.079941424284173e-07,4.787294022743755e-06,1.898002316051872e-08,9.755681380931216e-06,7.879330101059614e-05,6.408338729318679e-06,4.816422969113775e-06,1.3059186410283924e-06,1.6871905925250858e-06,3.4035185520160924e-06,1.7293567264985984e-06,1.928217519293101e-06,1.6367470127810364e-06,0.0143486954150505,2.091457086278029e-06,0.0003236859107366,0.0478729345645868,2.3064075326900835e-06,2.657066407789232e-06,2.5344877932605407e-06,9.991458066155052e-07,9.60928932119492e-07,2.2789121819248286e-06,1.0283715898383849e-06,1.0446549171616558e-06,2.1413838519486637e-05,0.0001153468720395,0.9610057778461384,0.0027483866019762,0.0260154310356799,0.1772577540108692,0.0895572477035034,0.0877005063073657,0.1422849140856588,0.0561316922750744,0.0524266300786998,0.0008694265267628,0.0028103738819091,1.8501454065338809e-06,4.20256520142668e-05,2.537575303689589e-05,3.946368495357918e-05,4.308558968144382e-06,1.258174024367037e-06,3.870298067712077e-05,5.752994841300641e-05
Ciudad Real,0.0008453163455907,1.0547072382601283e-05,1.1737183413628537e-07,6.281426800317951e-06,3.4000739916372746e-08,9.88843501373947e-06,5.821441000192541e-05,7.370922707918866e-06,2.0390139805711537e-06,1.0479182457605085e-06,1.110068967982018e-06,2.0721061357004327e-06,1.0925049525339383e-06,1.268650039432764e-06,9.964723843665805e-07,0.0105712885890915,1.4569193756714808e-06,0.0001975312337878,0.0628142679444664,1.5099930569828347e-06,1.8861442231859663e-06,1.8458685237141416e-06,4.388640660877383e-07,4.4392072940201493e-07,1.5884014288034529e-06,8.414478572439888e-07,8.350906993879272e-07,1.6950686956775158e-05,8.194006730893309e-05,0.9833124743089414,0.0017074464563191,0.0199330878977871,0.1108267944502593,0.0525085679946642,0.0583182264555951,0.071452340631545,0.0558038391530244,0.0435680349765919,0.0045062282655527,0.007710494162524,9.031450899732096e-07,4.810492752368281e-06,4.556941477347269e-05,1.6663310923995897e-05,1.0656781500337278e-06,2.041445359332723e-06,3.825810893708945e-05,3.7471083679304616e-05
Córdoba,0.0010171042513022,3.2529462296239466e-07,2.9437706254747267e-08,7.134673713110277e-07,7.253480083822611e-09,2.158728372849569e-06,9.151638641512005e-06,1.4081282626698349e-06,5.369278766464527e-08,2.827676275627967e-07,1.70143514819752e-07,2.751940872130465e-07,1.686973649651321e-07,1.94449544598512e-07,1.323403476715593e-07,0.0090272671412778,2.610905336173133e-07,0.0003724663689969,0.0071346730729897,2.686382078721028e-07,3.357343356527376e-07,3.169777589746329e-07,7.504956007051457e-08,7.032625436648226e-08,2.79249838648144e-07,1.3681283063657894e-07,1.307619933315848e-07,2.256958656931211e-06,3.3225584752600394e-05,0.991387783340162,0.0002546676415376,0.0030806780371858,0.0851854114634911,0.0408953412275832,0.0442900702359078,0.0589660744787001,0.0399153036296285,0.0318291443070211,0.0034697145563419,0.0046023359871959,1.424416931713109e-07,9.472463770480352e-07,2.359886583892852e-06,5.235366996043895e-06,2.598497561150285e-07,7.840324010868395e-08,3.1737234677580546e-06,1.3930450534582764e-05
"Coruña, A",0.0008135517992852,1.672617349451219e-06,5.609535232137656e-08,2.168268027288964e-06,1.34081399982857e-08,4.660442073895366e-06,2.496795257218252e-05,3.2289844856318144e-06,4.996481711450488e-07,4.604552013669657e-07,5.615601328436721e-07,1.105034602314856e-06,5.653751442881604e-07,6.417830089641967e-07,5.314092819320565e-07,0.0103380252203688,7.109201119186745e-07,0.0002674558131933,0.0216826774287387,7.614041469584718e-07,8.975726832472821e-07,8.629474625978017e-07,2.3321609759697643e-07,2.299428291827218e-07,7.656375836118381e-07,-0.2634160350604596,3.843652543113034e-07,6.679952454820574e-06,5.771268764587153e-05,0.925857958634374,0.0008112204580519,0.0104007533607116,0.1764970279710543,0.0818146026817245,0.0946824252893297,0.1032997035689297,0.0965514387436362,0.0752623632950025,0.0075159717247168,0.0137453037526285,7.428355524642398e-07,4.805391313802684e-06,1.7015669194086404e-05,1.58180551630282e-05,6.23994247859428e-07,5.779008540337136e-07,1.8269075857163247e-05,1.3429055477761207e-05
Cuenca,0.0009002908141918,6.235625677718342e-06,1.401019926883439e-07,3.2562358588139424e-06,2.5380345672075953e-08,1.151555635905622e-05,6.912298933984402e-05,6.989096690268279e-06,3.1482169269369705e-06,1.2024550495485009e-06,1.4913588241343502e-06,2.958496772556132e-06,1.5153594758448694e-06,1.704409546937421e-06,1.4227355192906432e-06,0.012095379804862,1.8754483062726232e-06,0.0005204101778905,0.0325623565364799,1.9595249363883374e-06,2.367584954134285e-06,2.293111596313063e-06,7.803082246971082e-07,7.163171529221477e-07,2.030548118177453e-06,1.0213650408889963e-06,9.929787317017688e-07,1.640753516806604e-05,0.0001019431060054,0.9855366220046184,0.0020604815819161,0.0247704945894778,0.1028107283413275,0.0488558478392467,0.0539548805020807,0.076395141633977,0.0582708944909616,0.0404176922735454,0.0086470860291839,0.0091590597775379,2.824344381623255e-06,1.9094503764507757e-05,2.8964317253176586e-05,5.07456592302233e-05,1.0753612199793591e-06,1.7050983906755233e-06,4.712372342163503e-05,3.6692635089015015e-05
Dos Hermanas,0.0009646715415534,2.028118406914006e-06,4.0969518759718026e-08,4.494605956107803e-06,7.3932670297026375e-09,3.0818598190855822e-06,2.8505495386687e-05,1.982102332238011e-06,2.0807037700110413e-07,4.183361936628578e-07,3.574098629114452e-07,6.261966940457068e-07,3.466275142609453e-07,4.084684863129159e-07,3.01136882478863e-07,0.0117941643280066,4.985651625075374e-07,0.0001075072835869,0.0449460584941634,5.102866965022577e-07,6.362552438575943e-07,6.16472744665787e-07,1.717276609211533e-07,1.8449006272669486e-07,5.419074391208938e-07,2.764936608442213e-07,2.7396161715620324e-07,4.240834569807511e-06,4.529452587501824e-05,0.9936877984887534,0.0005159653356758,0.0055068819596579,0.0676463897263781,0.0332246207371392,0.0344217689892388,0.0488411441914102,0.0253760366525586,0.0221893181672626,0.0005479833421744,0.002633726154619,5.107915419345496e-07,2.722965894062412e-06,8.884864037607784e-06,1.3276383101909342e-05,1.415562931688629e-07,1.0589091555556836e-07,3.3640853997141163e-06,2.108334784163388e-05
Elche/Elx,0.0010088323867345,1.7717800372170272e-06,5.6501487909864664e-08,1.8174023187967936e-06,1.2821649695295412e-08,4.126452034260817e-06,1.7719863678678195e-05,2.590480051123782e-06,2.0450551577129413e-07,4.664073129712707e-07,3.523805552367079e-07,6.011849519577806e-07,3.472667239458482e-07,4.02721069837664e-07,2.8910870002101e-07,0.0090672748459085,5.069137319468546e-07,0.0002818934055249,0.0181740209941495,5.151243003987533e-07,6.294298558869091e-07,6.129051220036347e-07,1.4026015364550902e-07,1.3661546971556866e-07,5.42279404730048e-07,1.1907152437243766e-07,2.636172413013196e-07,5.0873226519934406e-06,4.610334380270733e-05,0.9828212276733376,0.0004947347745521,0.0049970307747824,0.1192203180733534,0.0591041081050638,0.0601162099682895,0.0835540109183438,0.0575628491211751,0.0437331601893001,0.006936934998326,0.0068851365085874,1.160121679469984e-06,8.025869454737084e-07,6.053035280824595e-06,9.984392147745443e-06,4.456528388338834e-07,7.96629246196869e-08,8.047380854618909e-06,2.421000040343972e-05
Fuenlabrada,0.0010008649889427,4.865499017543104e-06,1.2531126343821628e-07,4.500784936581868e-06,3.452725345176935e-08,9.133930598747442e-06,4.265082604956771e-05,6.2669099832659e-06,8.221137316158391e-07,9.510110831200108e-07,6.971046894003758e-07,1.1791982479503269e-06,6.971320718601554e-07,7.966906389582108e-07,5.670745153934686e-07,0.0081001372688877,1.0096044762225509e-06,0.0002255256526179,0.0450078475301797,1.0420283510971733e-06,1.3160659235807272e-06,1.270986281462027e-06,2.6918682044185e-07,2.3692115533484333e-07,1.0909171976207742e-06,5.699973394336507e-07,5.620442561154314e-07,1.555354343271779e-05,6.790783090448516e-05,0.956155838908288,0.0009688619003275,0.0113637208085497,0.1972693252435736,0.0972046897221834,0.1000646355213901,0.124186554256897,0.0718444753055307,0.0675991798745098,0.0006835473293139,0.0035556631106448,2.174143265717728e-06,4.28045717663237e-06,2.253625268874978e-05,4.893555205504812e-05,1.1956061981622272e-06,2.1309241248287562e-07,1.576454121785483e-05,6.316872697856331e-06
Getafe,0.0010098916509669,2.4845229102340487e-06,6.844409680476247e-08,3.3358622982107523e-06,1.4296642502852565e-08,4.9216960493479656e-06,3.647908823840155e-05,3.3140280731869283e-06,4.54330001605642e-07,5.996168478985357e-07,5.586929169964726e-07,1.0135689446241804e-06,5.61415473930351e-07,6.385066236060515e-07,4.874232680581079e-07,0.011174221852399,7.548162248472106e-07,0.0002292686898742,0.0333586225049974,7.75433440415473e-07,9.671499168897889e-07,9.405953309845008e-07,2.4176229841075e-07,2.485016681338607e-07,8.188905988401573e-07,4.360990939368651e-07,4.238820456872615e-07,5.037080965744544e-06,5.385217009357205e-05,0.9785207929297076,0.0007337926417184,0.0103282980429019,0.1402400815064221,0.0684637870635332,0.0717762944428889,0.0815971896636216,0.0522564321422731,0.0473391686731015,0.0012594192436827,0.0036442125078782,1.0541247267580067e-06,6.792405397243888e-06,1.1078760191119903e-05,3.236120807724239e-05,3.114326583353783e-07,2.0282540770058398e-07,1.1466270557415723e-05,1.2464737490087445e-05
Gijón,0.0011546245738074,1.8809904196215008e-06,7.90028352314969e-08,4.316333622475519e-06,2.0362543994705225e-08,4.817077936244672e-06,3.339808818277291e-05,3.3267962685001125e-06,2.1533197943522002e-07,4.302475207068292e-07,4.098938964050527e-07,7.40898126182642e-07,3.947359932342693e-07,4.684500080398294e-07,3.5629657655784934e-07,0.0081475820095991,5.553969447859884e-07,0.0001491267985089,0.0431633380254182,5.920033645655515e-07,6.886008515798029e-07,6.619867178036647e-07,1.3388013101397496e-07,1.2596501850133118e-07,5.907573949595677e-07,2.950874137575796e-07,2.788630498010033e-07,4.731669646528721e-06,4.504481778496858e-05,0.9712292572088612,0.000468933091919,0.0077166493449791,0.1514770127199616,0.0713358016784338,0.0801412110415277,0.0935987977477694,0.0820678647141363,0.0683019911210449,0.0045038874482074,0.009226864853977,3.320973782846249e-07,1.2523798430961578e-06,7.862739415076185e-06,2.126847179866588e-05,2.997519459903952e-07,2.457646476911735e-07,1.0377228876249183e-05,1.4109646904052856e-05
Girona,0.000757285486618,2.205259064589967e-06,8.051084080014033e-08,1.2425380909328273e-06,3.0049240279818794e-08,7.676838907435182e-06,2.656177482941971e-05,5.952952584665743e-06,1.3112061531412995e-06,7.640575272142727e-07,8.577346857374925e-07,1.6368513698871912e-06,8.558875242224421e-07,9.802678939599406e-07,7.871593011443603e-07,0.0104791322138504,1.1122619559735876e-06,0.0006790010191195,0.012425376397263,1.1496875873216503e-06,1.3761253019009509e-06,1.360941366865594e-06,3.266501260864077e-07,3.017045329118036e-07,1.1937687933928203e-06,6.26857321799039e-07,6.058388965017284e-07,1.4576045098837702e-05,7.886238172468901e-05,0.9837173033153598,0.0014472082247578,0.0164328301248452,0.1151623876050937,0.0554917176737911,0.0596706699313026,0.0847499539272614,0.0529036861904002,0.0426083788559124,0.0027562591002621,0.0074944846271074,2.194038944314217e-06,3.924684926795729e-06,2.6119386364528907e-05,1.7899486249775192e-05,1.013455580861479e-06,5.942815032500453e-07,2.473541279866484e-05,3.4928271430713146e-05
Granada,0.0008796417124255,2.599922030139532e-06,4.5994216737256826e-08,2.994689810700691e-06,1.0024938074835153e-08,3.661850164336033e-06,2.722154870523277e-05,2.505244440270643e-06,3.612191838089309e-07,4.209742934149893e-07,4.908936201123245e-07,9.511546797125828e-07,4.973603259390601e-07,5.610209200016315e-07,4.5740867576127523e-07,0.0120529918074572,6.280765188676943e-07,0.0001851174782741,0.0299468954915864,6.54006994575816e-07,7.844326552574834e-07,7.583231965599071e-07,2.311464473318217e-07,2.160923393420319e-07,6.761397537541736e-07,3.228783805362368e-07,3.1104344546945304e-07,6.845448327522659e-06,5.621587098238196e-05,0.9707888918176732,0.0006955244484466,0.008351068990359,0.1472500616903931,0.06795618580948,0.079293875880913,0.109349153229809,0.0882480671279903,0.0610785753731516,0.0101018251336853,0.0170311137571097,6.604749261839407e-07,4.726800901496708e-06,1.73130090664804e-05,8.752058099891457e-06,7.863564072832227e-07,5.51417232257357e-07,1.8360206629649423e-05,1.1871856119003698e-05
Guadalajara,0.0010444393566835,4.080038085133377e-06,1.3896177583886408e-07,4.009322585222969e-06,2.584931579174368e-08,9.477085754646098e-06,5.818933076187616e-05,6.173871100923486e-06,1.3455574187042367e-06,8.981547094461227e-07,1.028107727686849e-06,1.98114335899057e-06,1.0469350635234752e-06,1.1749808282429831e-06,9.527281380327528e-07,0.0099617216577319,1.3203138116402183e-06,0.0003452708325918,0.0400932228833291,1.3585927476696164e-06,1.6979526596454882e-06,1.6573025793843604e-06,4.172431860647013e-07,4.304799761386461e-07,1.4361088853961264e-06,7.527713607717463e-07,7.495903958996658e-07,1.7306625214250912e-05,7.307558366219761e-05,0.9834557172703206,0.0012480132965771,0.0179114830338729,0.1159514711954522,0.0557874968461407,0.0601639743493114,0.0764571415045134,0.0533116458540381,0.0431259312532305,0.0029993847939658,0.0071545201581209,1.953809749322628e-06,6.8725721305365644e-06,2.1931795322568143e-05,4.385160773839884e-05,2.9484731662267656e-06,7.949225635386475e-07,2.510791268251796e-05,2.9079109654218364e-05
"Hospitalet de Llobregat, L'",0.0006692000619544,2.9117958988682456e-06,6.382501719572234e-08,2.6334978547774063e-06,1.8740351249644482e-08,6.20672373250772e-06,3.9543380994305295e-05,4.609679803490342e-06,1.351701001014203e-06,8.875933950921039e-07,7.504455839552084e-07,1.3007849638554013e-06,7.119961762818146e-07,8.576517921366176e-07,6.255453537133087e-07,0.0111491479149184,1.0591584184905317e-06,0.0002702067347473,0.0263349832158483,1.109155727580808e-06,1.3764449849894204e-06,1.3414386808876532e-06,3.633962947806827e-07,3.846046643718174e-07,1.1594954330114378e-06,6.338947203731028e-07,6.330738198303924e-07,1.49204383787737e-05,7.024560465977417e-05,0.9119456201271184,0.0014490594789334,0.0124687561707518,0.2864453756429714,0.1385418533797622,0.1479035222632092,0.1348775745323794,0.1192060302338512,0.1084939161570855,0.0015195166781514,0.009150063691738,1.0716012163399768e-06,2.619913295924032e-06,2.211319556010146e-05,4.029085553503464e-05,4.23020652248376e-07,8.63464109312004e-07,3.4430162148361674e-05,4.52205467099872e-06
Huelva,0.0008686928718611,8.003143240334102e-06,8.74200178153751e-08,9.81697418414236e-06,2.228948803955916e-08,7.106491542969323e-06,7.347597406783979e-05,5.320700393441402e-06,1.3266404183605392e-06,8.066643856548035e-07,9.329454795428104e-07,1.8026867999039296e-06,9.416927623403068e-07,1.066222719345555e-06,8.669087754376709e-07,0.0119266944509772,1.1866670903679986e-06,0.0001062070664575,0.0981697420334605,1.242865501787754e-06,1.5173307032536025e-06,1.4736086920369172e-06,4.272149873864006e-07,3.8207910416979074e-07,1.2938705141042208e-06,6.392441774464083e-07,6.202685269211037e-07,1.198248838458383e-05,7.683637213938905e-05,0.9592660906876354,0.001325371533053,0.0135746114763563,0.1726376119296791,0.0828675420125616,0.0897700699171174,0.1182155422415777,0.0813180439209634,0.0663187583665845,0.0047757187501699,0.0102103642643115,1.967730564133328e-06,1.0966799318074862e-05,3.717807156914289e-05,2.7441830388371712e-05,1.0359697773010553e-06,5.360163301294104e-07,2.789864577026587e-05,1.299802626520774e-05
Huesca,0.0008972970590853,6.376857168980356e-06,2.332469514874793e-07,3.357736046090947e-06,8.493913368461923e-08,1.8648423197991968e-05,7.108411085669137e-05,1.4447694848143464e-05,4.761421381302649e-06,1.909125754850704e-06,1.6725764493424024e-06,2.973010647187894e-06,1.6816007267750902e-06,1.9115152818328804e-06,1.42971592701754e-06,0.0088902420700511,2.302306936372504e-06,0.0006175626736155,0.0335773644588608,2.4169441466992405e-06,2.960006906057616e-06,2.8452841904133357e-06,6.401944891338681e-07,5.36085987637688e-07,2.4806548520876577e-06,1.2758756840741283e-06,1.2341306014764149e-06,2.7520371751997757e-05,0.000107014140886,0.9801838435283402,0.0025244262997853,0.0314983102195989,0.1246898625244814,0.0593961532842357,0.0652937092402457,0.0833260874239236,0.0654231226938258,0.0480355008235204,0.0060431460912876,0.011284390961284,3.413260613345924e-06,1.9136553895726853e-05,3.415376553354369e-05,0.0001011693418726,7.334269730653544e-07,1.77033724867193e-06,5.066957275966788e-05,2.004919395273077e-05
Jaén,0.0007573571659021,2.9244058321411054e-06,5.88331320458716e-08,2.7882772155769867e-06,1.4068836787075276e-08,5.955945932904572e-06,3.764984002276408e-05,4.264155816090909e-06,1.0986573404945957e-06,6.467830284409148e-07,8.092431634541454e-07,1.608726358220193e-06,8.126963770359531e-07,9.248493296618804e-07,7.736340655739338e-07,0.0131285346835824,1.0160953483164383e-06,0.0002770137095048,0.0278827729512532,1.0606199787223922e-06,1.275297475992603e-06,1.2450966449831313e-06,3.83062963326059e-07,3.832088019386398e-07,1.10072763688298e-06,5.472435860275677e-07,5.372133569734985e-07,8.135285749930573e-06,7.693286445694356e-05,0.9832533589222248,0.001324040245543,0.0127430312181591,0.114995275795596,0.0553207671386815,0.0596745086569145,0.0844323978807665,0.0557266676128573,0.0441166902309026,0.0042048433543393,0.0073908561214885,1.2125403531250085e-06,8.821897925576064e-06,2.266116184080688e-05,2.327719321701696e-05,5.35159126289058e-07,5.413850154144479e-07,2.1234465027920844e-05,2.370124125662912e-05
Jerez de la Frontera,0.0009243154633534,1.977077614199177e-06,3.32023879964998e-08,3.896903497375326e-06,6.742098119852915e-09,2.534946326391747e-06,2.2830440449677534e-05,1.74592438002922e-06,1.551707241148413e-07,3.007298406607156e-07,3.236444212077356e-07,6.120303325531167e-07,3.263166174794427e-07,3.698792175463163e-07,2.943243605151944e-07,0.0117875569653071,4.2163370182626484e-07,0.0001004316857944,0.0389690338728642,4.402810673477321e-07,5.347335304321829e-07,5.207966994571808e-07,1.4682132809490913e-07,1.4619932582535794e-07,4.567888974927239e-07,1.657041144889907e-07,2.253981253559746e-07,4.903962009217437e-06,4.341582531485056e-05,0.9894894403939748,0.0004532743242671,0.0042549358793193,0.0902326709684893,0.0440719729261452,0.046160698042344,0.0663666682977922,0.0389701993755512,0.0327633026639439,0.0018732049288594,0.0043243765683638,3.992432303842532e-07,5.885294668090068e-06,5.1728731861681386e-06,9.792147750183155e-06,3.463609988280654e-07,2.2867402669908841e-07,5.0446624793081405e-06,1.54726272202595e-05
"Palmas de Gran Canaria, Las",0.0006097625946962,9.307734030687964e-07,1.6088766031108662e-08,7.954092551188401e-07,5.060613065313866e-09,1.8538597793675368e-06,1.0994674409479485e-05,1.3892893119847896e-06,1.9624040316934727e-07,2.660134366045944e-07,2.9800997004896174e-07,5.693234174634195e-07,3.0244636993220324e-07,3.405825466636824e-07,2.737867084425573e-07,0.0146577940523802,3.8624486250490613e-07,0.0002964827857023,0.0079540936920984,4.0970158722973234e-07,4.743714651894873e-07,4.631394954040195e-07,1.4220148676399418e-07,1.451782952289327e-07,4.1491767346678926e-07,2.0244695406519415e-07,1.9589464939935173e-07,5.482714604863055e-06,5.064365615290948e-05,0.9733806181006336,0.0006173782430369,0.0048378455356523,0.1474376839585898,0.0711251085805537,0.076312575378036,0.1063796171462206,0.0707480281266996,0.0560736038594315,0.0032096314733694,0.011449322826561,9.02987227372673e-07,2.620937104641528e-06,6.763272822123897e-06,4.632645078233255e-06,2.2376580665380015e-07,3.757092586026717e-07,1.1696957330904884e-05,1.1458643713931493e-05
Leganés,0.0012268978819489,1.2793018433739387e-05,1.477660345640473e-07,2.2042211234957735e-05,2.5988073205817824e-08,8.157446162170993e-06,8.791071263136903e-05,5.1739794613046725e-06,6.93802333986373e-07,6.861195853463424e-07,8.044687797229042e-07,1.5613247356371975e-06,8.005521045636404e-07,9.193923016728356e-07,7.50838077884495e-07,0.0085646968257484,1.0129860872668928e-06,5.741564075820362e-05,0.2204221103896925,1.0565120353891713e-06,1.3128567225577116e-06,1.2641308904539084e-06,2.9535361645425937e-07,3.027650757693265e-07,1.1054225092768852e-06,5.661942309372932e-07,5.437618014696851e-07,8.5937742964001e-06,5.900477007085371e-05,0.931819604148105,0.0007834303328012,0.0129806268644126,0.1971375971523643,0.0954907478321097,0.1016468493202545,0.1145707426756444,0.0779054230717389,0.0731851951210434,0.0006715184431605,0.0040373628057303,6.650604007798141e-07,2.3888032371645304e-05,2.0248681682991976e-05,3.1090059525547484e-05,6.051652797747972e-07,5.745344858752741e-07,1.8216630791476358e-05,7.863670049817628e-06
León,0.0009832251772448,4.289724146240514e-06,9.823395096456345e-08,5.354521415204666e-06,2.3629261793402523e-08,7.097881031524003e-06,6.710936604735701e-05,4.986527029049137e-06,8.894472356059602e-07,7.186463579142774e-07,8.034879542632793e-07,1.5297646817602227e-06,8.051420025888174e-07,9.182728439087968e-07,7.356615174906418e-07,0.010464835455317,1.0398485324635244e-06,0.0001919879841818,0.0535452138802055,1.1187765401088323e-06,1.296150743857821e-06,1.246997697157315e-06,3.097127073878444e-07,3.024869627748264e-07,1.1146717400291465e-06,5.423521996269072e-07,5.20109327264392e-07,1.201086041492734e-05,6.854678631937755e-05,0.9767394012619334,0.0010386457089394,0.0150913612710607,0.1296765522881472,0.0587500818333221,0.070926470454825,0.0823615694032517,0.0823636604883662,0.0601082416151642,0.0061572001195286,0.0160448960832546,2.3226215467550744e-06,3.5188873997208166e-06,2.5576403132769022e-05,3.0162282948373638e-05,6.50853301133322e-07,1.2678681684028162e-06,2.7748653977332848e-05,1.3306685252714646e-05
Lleida,0.0010667867424537,2.6150291871095337e-06,1.1725507237728075e-07,3.730500191346263e-06,2.5967821775737278e-08,7.790030183010744e-06,4.728992694289194e-05,5.288882715425588e-06,8.174518280091732e-07,7.371637331814876e-07,7.976606560253811e-07,1.507538965666859e-06,7.896443752440162e-07,9.116112834074782e-07,7.249733067158431e-07,0.0094988437807839,1.0404073778943198e-06,0.0002985626013425,0.0373049976328229,1.0863772714608087e-06,1.3128502542649997e-06,1.2608895533107175e-06,3.072455207528131e-07,2.925566624156127e-07,1.1174599355845412e-06,5.693689234007767e-07,5.472891752939381e-07,1.3412033319762806e-05,6.512958454561369e-05,0.9737294668824026,0.0009529837950513,0.0138891095642744,0.1465889385967691,0.0726048686919647,0.0739840699048044,0.0982960149783738,0.069381860255904,0.0582501090588587,0.0033065331120842,0.0077844998053995,6.215189434738503e-07,8.060019089783032e-06,1.8517007352572844e-05,3.664126623685824e-05,3.029681751110142e-07,6.461569532217392e-07,2.407872300460614e-05,1.553818528013764e-05
Logroño,0.0011457961554436,2.901938811850507e-06,2.1289349563232213e-07,3.043144765460052e-06,5.8840856929665376e-08,1.308630743967134e-05,5.980385401907991e-05,8.818260230596064e-06,1.262657147267388e-06,1.0242101385879283e-06,9.930381339340683e-07,1.803465877188372e-06,9.651769780920206e-07,1.1349003402731686e-06,8.672837046331018e-07,0.0072376069476736,1.3412084473468217e-06,0.0005063327819015,0.0304314478563175,1.38540195851765e-06,1.6834213845466066e-06,1.6183837805313078e-06,3.158310395596028e-07,2.773595680696275e-07,1.4259874244561096e-06,7.146578777051537e-07,6.842160886909418e-07,1.337766885901172e-05,7.01599604897968e-05,0.9495468909121584,0.0011144494033288,0.0185458635108448,0.2050588062831682,0.0972827432556033,0.1077760630275648,0.1256508812268361,0.1044652142157528,0.0832472724802652,0.0055216674335094,0.0156532413361057,1.531516997222829e-06,1.6154899507439638e-05,2.07397874170363e-05,4.675989805102742e-05,3.34459484676737e-07,2.3721081815098401e-07,4.25701904736307e-05,6.150055604928485e-06
Lugo,0.0006923455376367,2.7238845720574685e-06,7.167105908122377e-08,1.6523077718696377e-06,2.4155542225527586e-08,7.691394642379183e-06,3.0163730068808453e-05,5.778621915355108e-06,1.3391598784011503e-06,7.198078140488383e-07,8.409633928706183e-07,1.6357612577415352e-06,8.590450617903064e-07,9.61101635592785e-07,7.86635492058993e-07,0.0103994356849361,1.073976421527554e-06,0.0004510915278455,0.0165230749950346,1.17553024828398e-06,1.4390741253906867e-06,1.3849173954148693e-06,3.405976668737151e-07,3.570085361885356e-07,1.1760114644072891e-06,6.155626219495196e-07,6.687902926089706e-07,1.173557800451481e-05,8.319004138567328e-05,0.9850480396763032,0.0015316768919461,0.013986487413943,0.1060602488865653,0.0490560543779677,0.0570041945085975,0.0772174247798563,0.0642127474430004,0.0433062214594125,0.0075638131596647,0.0133168757166314,2.294334073570218e-06,9.979720070574013e-06,1.7059398470855115e-05,2.24166577736018e-05,7.880253508011774e-07,7.558437674134431e-07,3.609746898718308e-05,1.8263165221695898e-05
Madrid,4.927776128260526e-05,1.938727505363645e-07,5.1011946322804675e-09,1.1760316709125958e-07,1.7192730778687062e-09,5.474357651111397e-07,2.1469064346067885e-06,4.112939793896571e-07,4.447368213996589e-09,5.0863143919862295e-08,5.995802034604573e-08,1.1689470827683873e-07,6.176640629447159e-08,6.852350655496404e-08,5.6214436926604105e-08,0.0094321720892896,7.650420391771541e-08,4.929647881658609e-05,0.0164155529074473,7.954277657017826e-08,9.611930295933775e-08,9.237173512951865e-08,2.3127893152277945e-08,2.101293747461808e-08,8.184821771319074e-08,2.6884272658893306e-08,3.8691842942630266e-08,7.852646075547842e-07,1.6826878693159092e-05,0.9239075578518128,6.703143903861666e-05,0.0013071164736323,0.2555179388074298,0.1190648327135709,0.1364531060938589,0.1542202049531103,0.1173477817107204,0.1011834119257973,0.0043924293247537,0.0117311002538005,6.026467811542444e-08,1.0699624125406255e-06,2.0785130864791317e-06,1.0500220545864008e-06,6.966758371438917e-08,2.364735383576609e-07,2.367380530184773e-06,7.300437651894561e-07
Málaga,0.0001573350901441,6.190010643380539e-07,1.6287203323011095e-08,3.7548590710978395e-07,5.489331853724716e-09,1.7478646190504843e-06,6.854688781064936e-06,1.3131882138860868e-06,5.663078332132565e-08,1.654574356291734e-07,1.8989741478003798e-07,3.6625278145279916e-07,1.9358983325174968e-07,2.170255469930617e-07,1.7613029379169208e-07,0.0113143158735654,2.4444309357380784e-07,0.0002974200630707,0.0069546266178485,2.558633404881373e-07,3.024749555797882e-07,2.924990894152756e-07,8.21882982555851e-08,7.680171706495711e-08,2.614380532500067e-07,1.2760482527764666e-07,1.2257591425236966e-07,2.471952945492973e-06,3.5377749072979247e-05,0.9759994071998976,0.0002824074567697,0.0027512713266328,0.1415170204165076,0.0679595332166117,0.0735574871998959,0.102789806206479,0.0623197450347811,0.0517075586923767,0.0036427556512149,0.0069503484251858,4.561578734637186e-07,1.2501861427979455e-06,4.42952395183837e-06,4.4825848126035055e-06,2.457902993518676e-07,3.294326763073548e-07,5.181980077672588e-06,8.088787759445098e-06
Marbella,0.0012479738501643,8.411629130114135e-07,7.019776544670315e-08,2.134081543072248e-06,2.5054961284695912e-08,4.019750452720188e-06,1.939496097289334e-05,3.326743700812893e-06,9.943176997757394e-08,3.934066478670822e-07,2.621671246437423e-07,4.314997042101723e-07,2.5231362516432946e-07,2.9961940223256537e-07,2.075075547668571e-07,0.0070016992583637,3.931671927456352e-07,0.0002303111893254,0.0213408148754071,4.154002856994629e-07,4.925690308330283e-07,4.668453281071859e-07,9.74145181156469e-08,6.672369698241997e-08,4.161537028825683e-07,8.314252026861214e-08,1.957994596182107e-07,4.209501701318559e-06,3.840877792071791e-05,0.9950739506423956,0.0003140294817966,0.0039356497181251,0.0581438781983355,0.0278969154892381,0.0302469627090973,0.050683748411412,0.0341522866963813,0.0192158796554631,0.0103308343596657,0.004599271230688,2.450294358155705e-07,3.8778557161541606e-07,7.70755679077296e-06,2.0255757504471754e-06,1.048839712137529e-06,7.67694726229042e-08,8.255812232544375e-06,1.9636697061908408e-05
Mataró,0.0006317553030148,5.565374980112751e-06,5.4669043866944675e-08,2.61687584003701e-06,1.6210909279312118e-08,5.904315187873263e-06,3.16010602430673e-05,4.483917952394539e-06,1.430172241611614e-06,6.772395883087898e-07,8.427557989168758e-07,1.673885313087739e-06,8.648808100802427e-07,9.631494844764294e-07,8.049682480289447e-07,0.0122809274702852,1.0583298605662256e-06,0.0002565602670283,0.0261687591761642,1.0797120222746144e-06,1.4354115088691863e-06,1.3948725456222584e-06,3.926336639312191e-07,4.2834144889155003e-07,1.1738753641320585e-06,6.714264459357835e-07,6.855618402142763e-07,1.774098892759399e-05,7.631823391747144e-05,0.9782414657649074,0.0016455868382446,0.0129663894137201,0.1377948543375435,0.0685206887828063,0.0692741655547371,0.0876147891513261,0.0577371502711254,0.0500344709439683,0.0013517947163553,0.0063306927085919,1.1029342497140082e-06,4.268861943752867e-06,1.8360667959757456e-05,2.0352007192445815e-05,6.4865629456987e-06,4.964259553910172e-07,2.825220474849536e-05,2.695350453272724e-05
Melilla,0.0007156310238486,1.0894099988840464e-05,7.461563197570863e-08,6.097953644862941e-06,1.6757331425986083e-08,7.696983181282602e-06,7.297421656296324e-05,5.567542167287083e-06,3.5602405058076354e-06,1.1404515098085314e-06,1.4142723729264866e-06,2.8064104347053157e-06,1.4169278478106044e-06,1.6163115382864617e-06,1.3495987104261954e-06,0.0171160346865423,1.7693868162838397e-06,0.0002094325927839,0.0609795419273309,1.911181679803725e-06,2.139959407118497e-06,2.0662289334374947e-06,7.938638534110677e-07,7.799351024228014e-07,1.9045126545067164e-06,8.570313191356901e-07,7.96506836141833e-07,1.6446883569237993e-05,0.0001080192699224,0.9687698562822736,0.0024158542211052,0.0208172812656152,0.1553952493343092,0.0788112109088815,0.0765840384254277,0.1291206816468978,0.0468384366993003,0.0440187792282612,0.0003569186672201,0.0024395390904497,1.814675049920396e-06,5.039461361469799e-05,2.5549594312094497e-05,2.506056173620854e-05,9.707039005657655e-07,3.984954696034652e-07,3.354199227493461e-05,4.072869724312717e-05
Móstoles,0.0009583535962533,4.809116932451733e-06,1.1931648922113842e-07,4.9979573219070265e-06,3.1622013924223726e-08,8.766244599275447e-06,4.947492215282334e-05,6.396889585782497e-06,9.84712663311485e-07,6.981801808992232e-07,8.579845779021652e-07,1.6948411105744515e-06,8.622844766871903e-07,9.805539584749456e-07,8.15046412060494e-07,0.0087236138017985,1.0804432464918047e-06,0.0002082600454721,0.0499795738815957,1.1046612669789192e-06,1.4089907035441033e-06,1.3727440447533385e-06,3.0831979477083745e-07,2.872927575194903e-07,1.1730034824749815e-06,6.22545841017544e-07,6.195970597087936e-07,8.259099830676815e-06,6.769219765709868e-05,0.9411503030265316,0.00106661071213,0.0131027984194344,0.2284181393230144,0.1111163791360314,0.117301760186983,0.1381745702022923,0.0864530546575402,0.0814048279455432,0.001790990931171,0.0032496330297536,7.262554853816512e-07,9.99467779785861e-06,2.61728169802618e-05,2.9107644188833035e-05,5.351254242607466e-07,1.157408131891464e-06,2.2225269453175685e-05,1.8691532140230468e-05
Murcia,0.0001716644624777,8.614299319470603e-07,2.1372488262107567e-08,8.952558434651646e-07,5.664272606672873e-09,1.5702478427230306e-06,8.86216314176105e-06,1.145838672245423e-06,3.669724929594679e-08,1.4300016980906782e-07,1.4668160654394914e-07,2.728076329719497e-07,1.4615866081952064e-07,1.676362051423393e-07,1.3119264677818374e-07,0.0112231000561135,1.9420682837877945e-07,0.0001108481668942,0.0144814022948841,2.0386828954724866e-07,2.466922526652577e-07,2.376113235063475e-07,6.18334682071594e-08,5.973487612032512e-08,2.0900163995080938e-07,-0.0298935066321577,1.033852802492614e-07,2.233908183995381e-06,3.359033614214485e-05,0.9895977814740076,0.0002333319891896,0.0022913894130651,0.0893760545534376,0.0437595457031194,0.0456165088503182,0.0696926342896517,0.0403917207642867,0.0305277348565578,0.0028425446352772,0.0070122975042046,2.019027468757915e-07,1.4544535100341104e-06,2.6804672789846674e-06,4.342032952722533e-06,1.0532483205129863e-07,6.738301940098752e-08,3.21607171010279e-06,7.387190006269577e-06
Ourense,0.0006914713755069,8.659168748734585e-07,4.0876967557930586e-08,8.418889266931985e-07,1.5244749868813845e-08,4.234686257614584e-06,1.632176128239588e-05,3.232136410637683e-06,4.806408206673248e-07,7.790626646979016e-07,4.0104610726888825e-07,6.274221348426634e-07,3.891594305785168e-07,4.583383162296157e-07,3.017264200739309e-07,0.0109031028572998,6.437587419023182e-07,0.0005293854326995,0.0084188864631664,7.06427735211331e-07,8.25618707644557e-07,7.893747208940438e-07,2.104396822115892e-07,1.8803018350370323e-07,6.941839812578391e-07,3.636451644041131e-07,3.5048035736578564e-07,4.175631221371124e-06,6.689166333663395e-05,0.9938470432577048,0.0009263983567932,0.008402917471661,0.0680915402668316,0.0308678469460241,0.0372236933208074,0.0473681681299255,0.0432514669033013,0.0282342409945624,0.0056120428339151,0.0093852022171401,1.6792726985046514e-07,1.5846668082410037e-06,6.405037055595981e-06,8.409134844246604e-06,1.1480759507816788e-07,2.0048203744542618e-07,1.1066980921260902e-05,3.650534309160697e-05
Oviedo,0.0009719682234239,3.486248737420832e-06,1.1486269737552843e-07,2.963942829996315e-06,3.262183789072038e-08,8.093339143286468e-06,3.678208972635949e-05,5.786094250402836e-06,8.071513349251149e-07,7.572332484581296e-07,7.305867663391475e-07,1.325473341741461e-06,6.990661209605539e-07,8.349554555752805e-07,6.374181556211387e-07,0.0083797581273534,9.872616692062284e-07,0.0003247436266409,0.0296394331127289,1.0475450272779182e-06,1.2422461623447118e-06,1.1933559875931829e-06,2.633117663709243e-07,2.411849269006354e-07,1.0555554105788116e-06,5.333841813752025e-07,5.096105045419039e-07,9.140707900539964e-06,6.570924056605967e-05,0.9409402333540844,0.0009586684490541,0.0145145491459015,0.2177727026455078,0.1007601051406383,0.1170125975048695,0.1319589091825042,0.1225274725948282,0.0968702812308954,0.0072122167858088,0.0184014022125361,5.020924315358518e-07,1.7776617735580656e-06,2.2675490150909117e-05,2.0565860978334868e-05,4.147103101903792e-07,5.097354324557302e-07,3.7432831628083445e-05,1.5149720898506377e-05
Palencia,0.0010139238116928,6.141958171431605e-06,1.679514159674664e-07,6.0174867119690575e-06,3.4339864853028575e-08,1.1902298444104649e-05,9.023024786656306e-05,7.865799584333315e-06,2.078810044258256e-06,1.1971637182372358e-06,1.2183915851566868e-06,2.2542491609520896e-06,1.1878434542938583e-06,1.3924477577753275e-06,1.084064214397695e-06,0.0097991002135438,1.6135402606884972e-06,0.0002734986476038,0.0601748701387938,1.6941697958893548e-06,2.021786325589711e-06,1.949981986324092e-06,4.804415890519509e-07,4.819267930763658e-07,1.7350900073161296e-06,8.926011259781527e-07,8.421821014903112e-07,1.554208713515129e-05,8.176827277826544e-05,0.9779816741646504,0.0015656346250583,0.0221758004170011,0.126841293206422,0.0598545337708181,0.0669867594356039,0.0832379754929173,0.0724097830919646,0.053063174603439,0.007701959667594,0.011584591390436,1.775660837075758e-06,6.674937742596355e-06,3.284829530909201e-05,6.0389644940885386e-05,3.39422862863224e-07,3.48666149412444e-07,2.998559334713549e-05,2.9955158530035447e-05
Palma de Mallorca,0.0008355960931034,9.299924999735054e-07,2.3805397486963852e-08,1.3979933835175937e-06,8.008669833883098e-09,2.0214939783588222e-06,1.0531884306472776e-05,1.485046374099069e-06,7.698253416818629e-08,1.9391625953050173e-07,2.192477930882073e-07,4.207045599381376e-07,2.243405845840307e-07,2.5056874435052214e-07,2.0231624630560066e-07,0.0099533448939252,2.83088599980562e-07,0.0001694887543101,0.0139799325818274,2.91355028582246e-07,3.556733555680843e-07,3.445004062073697e-07,7.653478818979512e-08,7.449908940647016e-08,3.0310332727174813e-07,1.5101374462320277e-07,1.502177832797297e-07,4.4237878297937975e-06,3.5718105153687874e-05,0.9813138092554996,0.0003330129123194,0.0036857518854517,0.1198300378533143,0.0585994283840696,0.0612306094692447,0.1021547053193967,0.0516776555325635,0.0451761230483631,0.0018491143287452,0.004635971501404,2.630548073310116e-07,1.7700497947762513e-06,4.540004580286536e-06,3.8790535732191375e-06,8.585364212573469e-07,2.312774265405296e-07,7.58192058130459e-06,9.23240290140325e-06
Parla,0.0009469133710332,2.9900498359976897e-05,1.4478865084296908e-07,4.142741233518106e-05,2.9903726951590065e-08,1.0254020422111536e-05,0.0001632199087306,8.174281038680522e-06,1.8892988359846468e-06,1.0105955326514308e-06,1.160785606795352e-06,2.2388495821569337e-06,1.1839779307085496e-06,1.326613190202302e-06,1.0766597847526131e-06,0.0097799857110266,1.4299864428393258e-06,3.418085416124162e-05,0.4142741211086947,1.5597387395042562e-06,1.9454320658982253e-06,1.9143798635603866e-06,4.921486203995598e-07,5.039055390020203e-07,1.6337570809016084e-06,6.385343698265314e-07,9.100082300724562e-07,1.182142463665474e-05,7.089240523970677e-05,0.8654523374374752,0.0013667635173483,0.0146595106919256,0.1996104056084484,0.0994806986911825,0.1001297069172659,0.1001880279329739,0.0704293558153241,0.0653673907340053,0.0008613565396867,0.0041946268989953,3.490464120485901e-06,7.961814942047444e-06,2.8516111623908965e-05,4.822241045941933e-05,5.651798442116098e-07,2.9771305840384013e-06,3.631359451732772e-05,2.1494359820416973e-05
Pontevedra,0.000789928527833,8.633435548793932e-06,1.1161953600691066e-07,4.472363898751397e-06,4.676306560937357e-08,1.0112739889303524e-05,4.981447287133232e-05,8.183309203815283e-06,1.72789664577047e-06,1.006548177601766e-06,9.61108286916621e-07,1.7386466256583263e-06,9.27562602411162e-07,1.0984089109642537e-06,8.361120140893535e-07,0.0092439377480387,1.298798724390193e-06,0.0002307058147271,0.0447236330835152,1.424873913789437e-06,1.693595980903507e-06,1.6070188038771527e-06,3.7218311291690395e-07,3.174104632647193e-07,1.4037540565832707e-06,6.812731178723103e-07,7.169609611889579e-07,1.379433892484852e-05,9.076796068034656e-05,0.9846434204758556,0.0016281671988185,0.017041918298525,0.108753745499747,0.0513909123581797,0.0573628331415672,0.0771229419803875,0.0516834999031226,0.0404214918116162,0.0022544915293365,0.0089944546181991,8.898080343159504e-07,1.9455014704578504e-06,1.8312197352396693e-05,3.104310211889042e-05,1.4085659500412068e-06,5.595142138971175e-07,2.6430143804866137e-05,5.003060676830386e-05
Sabadell,0.00056138444578,1.0764081728951355e-06,2.229740753798726e-08,8.088243474610316e-07,7.1723945579625974e-09,2.663557067220787e-06,1.4345393725044964e-05,2.1024143991686957e-06,3.779574347450414e-07,3.468916499726267e-07,3.984518299079711e-07,7.652193609440005e-07,3.936989018275922e-07,4.5537315203821684e-07,3.679927142523281e-07,0.0129661361230576,5.142571363110916e-07,0.0003574480072689,0.0080882411622636,5.577874479368393e-07,7.289005838192328e-07,7.004211252814765e-07,2.1393377854132333e-07,2.245304031140697e-07,5.781088033516916e-07,-0.0638554352386139,3.541562293963807e-07,9.267219928179891e-06,5.536848660596442e-05,0.983727275276,0.0009024453978414,0.0069627898631187,0.1115076376599455,0.0542747409833102,0.0572328966766352,0.0718681453696905,0.0480169850937573,0.042021878821822,0.0007328439330782,0.0052447523643491,7.169682000261714e-07,1.2955642853684465e-06,1.0244638225740912e-05,1.2138281729301824e-05,5.599043950998503e-07,3.083619558316556e-07,1.3879252912033009e-05,1.235695332069553e-05
Salamanca,0.0009701579356538,3.5818609710287563e-06,1.0310906621210847e-07,4.436944030760856e-06,2.2025200488262512e-08,7.213399483084136e-06,5.09561688561535e-05,4.967976601577514e-06,9.906298372380684e-07,7.827183017407305e-07,8.288172272115359e-07,1.5469001421399585e-06,8.17481839132431e-07,9.472195316626452e-07,7.439015575112298e-07,0.0103127699126181,1.0910415151246423e-06,0.0002396571480229,0.0443694365700652,1.152648505373175e-06,1.377780141635434e-06,1.3268607716885212e-06,3.42509130439344e-07,3.361092724820927e-07,1.1742572054292134e-06,6.027133912561645e-07,5.69860275583849e-07,1.2373013413796722e-05,7.040809266741548e-05,0.9677028223415782,0.0010932800591726,0.0144514689444011,0.1587359870969205,0.071967986526987,0.0867680005699335,0.0871954615398475,0.1013751091495341,0.0707919208328389,0.0163388735346369,0.0141982805237597,8.342367056263969e-07,7.692698924313348e-06,3.206238720138066e-05,2.8604532548118586e-05,1.222191118910859e-06,4.616347547502904e-07,3.101176354583128e-05,7.715932102101244e-06
San Cristóbal de La Laguna,0.0006611116391656,3.7442620511052244e-07,2.428520912293261e-08,4.684514550007173e-07,7.873786590600414e-09,2.8119899960303446e-06,1.1223117582883784e-05,2.112989270081206e-06,2.557525598180363e-07,4.286765809278752e-07,3.177006458399208e-07,5.40001910411162e-07,3.134651582554517e-07,3.630865180641191e-07,2.596860051423299e-07,0.0125152152949095,4.5940351935001334e-07,0.000648802869066,0.0046845122973327,4.97561984614976e-07,5.762373273133943e-07,5.541882423205885e-07,1.5247479466408097e-07,1.543302627950825e-07,4.930768639296314e-07,2.444873489453748e-07,2.384271951042296e-07,5.67180656802807e-06,5.6919359147103125e-05,0.99319301352038,0.0006906550551036,0.0052781540168554,0.0730560694166463,0.0352626293489124,0.0377934400677339,0.0596264522107948,0.0327479091614549,0.0264597295044086,0.0018596056962094,0.0044230572072264,4.255596767416857e-07,1.7970316499001974e-06,5.351399697093693e-06,7.149150517430769e-06,2.45489721928849e-07,1.117978587386646e-07,8.643908127188811e-06,2.2248609507985805e-05
Santa Coloma de Gramenet,0.0005115606766199,1.7023612525983178e-05,7.6892019897086e-08,5.474068145409425e-06,3.741895384325354e-08,1.0096371225102376e-05,5.431755287763386e-05,8.895195739912389e-06,5.374792234871067e-06,1.576911169456116e-06,1.3140051993127692e-06,2.2871130506962304e-06,1.277698580601598e-06,1.5017191684192292e-06,1.0998695630355771e-06,0.0123339427229075,1.8340533897233887e-06,0.0001732492316428,0.054740686311291,1.939578769812164e-06,2.324824919457599e-06,2.239112081963099e-06,4.897481814126941e-07,4.268845614230545e-07,1.975034452147292e-06,9.943571601900096e-07,9.580950348841215e-07,3.0290048036818077e-05,0.0001036712490499,0.9461283169986066,0.0034287616098389,0.0200201784855972,0.2232883005223437,0.1103566223457864,0.1129316781765573,0.1059017201417962,0.0899638115909415,0.084622749065059,0.0009232381596284,0.0043955776636124,4.523643862582955e-06,4.040345576826451e-06,4.7421307536765285e-05,1.5338745157104096e-05,5.832140763490516e-07,5.158768428246082e-07,8.000760599391668e-05,3.295844962291547e-05
Santa Cruz de Tenerife,0.0006635018469733,1.006664636398137e-06,3.134573507263564e-08,6.551503834616153e-07,8.604980116577773e-09,3.62038153401188e-06,1.5953732913471898e-05,2.654094112006916e-06,5.127772539344527e-07,4.7461470513248125e-07,4.897286891553539e-07,9.06557969267006e-07,4.752838002139218e-07,5.596895578121441e-07,4.359623995993576e-07,0.0138038358565821,6.514957939524602e-07,0.0006604526600414,0.0065515026216367,6.845944798817354e-07,8.055793916837444e-07,7.822836660509751e-07,2.4396602247759466e-07,2.439314590864481e-07,6.997182459964422e-07,3.473966444138939e-07,3.369545874509046e-07,5.885786183416074e-06,6.938582317121717e-05,0.975657353225142,0.0009589493349488,0.0081823937493521,0.1364236612737681,0.065109603246618,0.0713140580271501,0.1149128413309627,0.0628095073867339,0.0512399013050207,0.003342214709925,0.0082123921643095,4.822345203462329e-07,1.937827783631404e-06,9.46828128447148e-06,1.244808566500804e-05,2.695055023819819e-07,3.943740728940394e-07,2.1044474196413653e-05,1.916916253762712e-05
Santander,0.0010197813237422,2.816301964551983e-06,1.0314373334314253e-07,3.3120103329120203e-06,2.7556910122437485e-08,7.077840854331958e-06,3.799926906350594e-05,4.907000099633664e-06,5.512044228563443e-07,5.634225071740522e-07,6.515073845369791e-07,1.2587384633833948e-06,6.525199700100712e-07,7.445805865276969e-07,6.053257752203078e-07,0.0082876097454156,8.355104267181691e-07,0.0002580953479199,0.0331200997582475,8.96449966365354e-07,1.0687780992177132e-06,1.0173667541670833e-06,2.2906812513183586e-07,2.0500916134980693e-07,8.954491161543671e-07,4.6636350723254555e-07,4.404914454552364e-07,1.101465246816116e-05,6.060793886057245e-05,0.9733485395813044,0.0008000664992428,0.0119045851728929,0.1453286476799269,0.0670049936896475,0.0783236539902794,0.0980824824436968,0.0774879356817754,0.0615221115874159,0.0069455987003655,0.0090042989668509,6.471088222121578e-07,5.786396072123045e-06,1.5940589106432517e-05,1.4891355918604698e-05,7.074517461633037e-07,5.855785998821609e-07,2.651454643851761e-05,1.8750274042858425e-05
Segovia,0.0009905920335293,6.740389484028133e-06,1.840228867708316e-07,5.1058328314593736e-06,4.333101746744871e-08,1.3186168679971946e-05,7.4990001439898e-05,8.916709702223326e-06,2.610277607469643e-06,1.1092521137830216e-06,1.4435150830250074e-06,2.9199715913697417e-06,1.4666619940653112e-06,1.649732037119532e-06,1.404209380805655e-06,0.0096776560877635,1.7885523775380252e-06,0.0003487980859628,0.0510583225975314,1.913880091365646e-06,2.290105938323494e-06,2.18561493897798e-06,5.444405171246106e-07,5.307806934287482e-07,1.9252027512283124e-06,9.838560828587385e-07,9.320393628584558e-07,2.1528259686529104e-05,9.165115160234536e-05,0.9874416900360578,0.0017921007981015,0.0241644762169105,0.0935890289728229,0.0437373244107581,0.0498517045620647,0.0652068709461606,0.0519461629202748,0.0382108308544168,0.0047624207647195,0.008938752752807,1.1306152204840054e-06,3.0251958453050096e-05,2.7921968274567618e-05,4.142011199236268e-05,3.974702712209095e-06,3.004912916399724e-07,4.593353606853399e-05,2.884844930450705e-05
Sevilla,0.0001300741564388,8.850772533278507e-07,2.4163955444790423e-08,6.704444170663245e-07,5.689774754836787e-09,1.7314693735194532e-06,9.846900488280373e-06,1.1708487989701874e-06,5.062204544553073e-08,1.4527858490792568e-07,1.8967072595630498e-07,3.840470481364985e-07,1.95845389821856e-07,2.1676644277692807e-07,1.846877467211753e-07,0.0136632969571174,2.354115386159358e-07,8.456763941192864e-05,0.0245850785685273,2.445477087589504e-07,2.992851738087077e-07,2.879946229332792e-07,1.0629623882601548e-07,9.196911120710235e-08,2.553779218710426e-07,8.039952482589762e-08,1.2115074827225853e-07,3.1661984148141806e-06,3.28770067228111e-05,0.9672450839911606,0.0002592654856138,0.002948522391831,0.1632180655804655,0.0774342414180681,0.0857838241623973,0.1145981352994759,0.0796273377367319,0.0633696243595806,0.0048658881937887,0.011373411672829,3.4589864829415386e-07,3.418815325208992e-06,5.191165550928254e-06,5.509649122960435e-06,3.1948204700156385e-07,2.838033476920568e-07,5.645886926792029e-06,2.8923638192524304e-06
Soria,0.0009964040891245,1.0499990210492e-05,2.898214980893228e-07,5.983142972766986e-06,8.670963244679065e-08,2.134055890502061e-05,9.036080740899728e-05,1.4901827793275795e-05,5.522105158435302e-06,1.966365078869029e-06,1.955998107418702e-06,3.59231427229237e-06,1.9349835508208087e-06,2.2354264084785163e-06,1.7275392194975428e-06,0.0090163541224954,2.6068094578213607e-06,0.000436748246744,0.0598314349727856,2.7437725450951605e-06,3.2887505707121004e-06,3.1674992279257558e-06,6.928089929034274e-07,6.038806764579075e-07,2.793928965279199e-06,1.4066404100785022e-06,1.3553431772000812e-06,2.362834730489231e-05,0.0001097754909068,0.9832037441265612,0.0025878143127813,0.0382185365407579,0.1044328788574433,0.0492726181656323,0.055160260691811,0.0775962436813247,0.0618844991938698,0.0418691371627805,0.0095592236115461,0.0104299128403619,2.681241611600053e-06,8.287455113508742e-06,4.2774580948736445e-05,9.949778553219944e-05,1.7692265216070707e-06,2.485398771038469e-06,6.183874203591671e-05,4.292136129309536e-05
Tarragona,0.0011321555323903,4.5516873046135e-06,1.1899913294590257e-07,1.9670504857356435e-06,3.533752699875969e-08,7.574802608432852e-06,4.786275716857026e-05,5.671045828185849e-06,5.252983527258105e-07,5.431132602004567e-07,6.877121616987606e-07,1.3774643036068436e-06,7.101329754617409e-07,7.859571257441595e-07,6.624202008110794e-07,0.008203031154476,8.578849655591535e-07,0.0001720451582233,0.0567381082305212,9.115004048391552e-07,1.085702298943911e-06,1.0403166192150414e-06,2.2744658465694307e-07,1.8656679528053237e-07,9.183083861294372e-07,4.725925411384693e-07,4.5582866319685924e-07,1.2680985159190705e-05,5.636594821749738e-05,0.9817845215473214,0.0007476895344746,0.0119501799244311,0.1176877170970526,0.0574798481127074,0.0602078689843452,0.0810508451382556,0.0566667875305473,0.0451718525556183,0.0047835207951474,0.0067010677036564,5.985705601917e-07,1.0501585123569791e-05,1.3409905248756182e-05,2.016720715377641e-05,1.0020298705827411e-06,2.12367231409422e-06,1.3558901833710804e-05,2.485876226986083e-05
Terrassa,0.0005920725150687,9.066708955287914e-07,2.3215835081271545e-08,6.169411838692076e-07,7.400014965593154e-09,2.78600126930604e-06,1.1234909090038572e-05,2.2285397717767422e-06,3.013298372253036e-07,3.3707516797135614e-07,3.575411442686679e-07,6.683011601058369e-07,3.539388906529983e-07,4.086182482038045e-07,3.213849639361403e-07,0.0120435597745706,4.7174882897249574e-07,0.000453205046939,0.0061694118764713,4.887858640659037e-07,6.632023750654088e-07,6.368914730993575e-07,1.815374315908375e-07,1.970968248956469e-07,5.286883314898194e-07,3.0882760605802365e-07,3.190138423571841e-07,8.375866792352614e-06,5.273666992062644e-05,0.986986326571768,0.000787226738282,0.0062538862915986,0.1056058166375686,0.0519219429123826,0.0536838737251859,0.0706566840556507,0.0480453173314921,0.0393135830166346,0.0012013808597619,0.0075124083007438,1.013479469608357e-06,2.1224934644078773e-06,4.656990929431588e-06,1.2824486508458942e-05,2.1721870002481773e-07,2.0861756204299626e-07,1.1197694400609375e-05,1.498310936155614e-05
Teruel,0.0009120401471709,8.095956420840352e-06,1.5346510370880086e-07,4.34062427318591e-06,3.6711865386572236e-08,1.2230635741087532e-05,6.063271597020854e-05,8.423413070406873e-06,2.698415942079423e-06,1.390827380229811e-06,1.277832850403279e-06,2.287087299253119e-06,1.2423996124051168e-06,1.460380149897028e-06,1.0998563368823649e-06,0.0104237072281495,1.7456000009171815e-06,0.0003685345346253,0.0434062471868845,1.8242329543838488e-06,2.238969516298878e-06,2.153354099686449e-06,5.723059016853934e-07,5.45893213287496e-07,1.8898989774218248e-06,9.857059559598624e-07,9.469454804365784e-07,1.6259429278840453e-05,9.83688653777723e-05,0.9935027363731264,0.001910607973886,0.0247131137211219,0.0635630405431836,0.0303204823915567,0.0332425581516269,0.0507679969239087,0.033363580497032,0.0231836719067274,0.0048321240810284,0.0053074437274744,1.0737742639926435e-06,5.846301550510452e-06,2.4656202384392654e-05,6.951761251802171e-05,1.843065074927363e-06,2.0950375882902195e-07,2.4689788382913173e-05,4.755845554149545e-05
Toledo,0.0016690738304624,1.2833235085969562e-05,2.1373752825533026e-07,3.4177849830243376e-05,2.1832938818954663e-08,8.5430689910838e-06,0.0001084050270393,4.7263161921703445e-06,4.622135178393396e-07,7.218185811261874e-07,7.431713190238779e-07,1.3883845961277638e-06,7.513484827690062e-07,8.493389308861387e-07,6.676717537282502e-07,0.0076684846506192,9.618974376269026e-07,4.79562204938704e-05,0.3417784943744099,1.007174787068073e-06,1.236955346919916e-06,1.194182112712332e-06,3.0628864528272285e-07,2.9025739775789786e-07,1.0546351357893467e-06,-0.0541868243048553,5.107383610363812e-07,1.0692946191691531e-05,4.938524638923628e-05,0.9292208224571016,0.0005467106254728,0.0140682175828878,0.0842669146311032,0.0402043065797158,0.0440626080513873,0.0593544050778238,0.0372406125503178,0.0308212394985701,0.0024196627198265,0.003957484075041,3.086238407586997e-07,1.6371864751962962e-05,1.6811639433297414e-05,1.5129406636367386e-05,1.6699575631706149e-06,6.338323493109128e-07,8.7204929489064e-06,3.855477986491069e-05
Torrejón de Ardoz,0.0002223762881815,7.427763194461885e-06,3.7633461055591614e-08,9.971109433332537e-05,2.710593817209044e-09,9.20866206464968e-07,9.11286149542907e-05,6.185862752972832e-07,4.4309508020634616e-08,2.56122260731476e-07,5.083695176256743e-08,6.798891556275745e-08,5.2343848374509146e-08,5.8099421006112416e-08,3.2695816545214625e-08,0.0006557852467199,6.121820201869055e-08,2.475099326360348e-07,0.997110943666196,1.161207115648241e-07,1.4202528312737933e-07,1.359068034460597e-07,3.1530740640651056e-08,3.146770357513457e-08,1.190299609230094e-07,6.20829640160576e-08,5.9376920409563674e-08,1.00079809338587e-06,3.4556877143454814e-06,0.0727652766890398,3.631477525338153e-05,0.0013526333706249,0.0147441254666587,0.0072518150916267,0.007492310375032,0.0095930649756687,0.0054620285501048,0.0049476327778003,7.335827518732305e-05,0.000440260631873,3.3300662404940564e-08,7.995895746731294e-06,5.432302581736257e-07,1.3027489533146385e-06,2.603508792003439e-08,2.4984081691810633e-08,8.431523814624376e-07,3.287277429541519e-07
Valencia,0.0006941369543695,8.067768868911862e-07,2.088329532059268e-08,1.4452785657066832e-06,7.984666753792058e-09,1.993812823442749e-06,1.231901488777075e-05,1.6014194537463726e-06,1.1855891065966986e-07,2.793610223158628e-07,2.2780371316388185e-07,3.973131047169195e-07,2.320749245380634e-07,2.603469633013999e-07,1.910671899538964e-07,0.0106608691797266,3.200659842382271e-07,0.0001540416987835,0.0144527846339261,3.344265172462321e-07,4.0323545344593217e-07,3.891103390118288e-07,9.836679657444256e-08,8.865594076787248e-08,3.434529272262269e-07,1.748223461534219e-07,1.6854558662854896e-07,4.688696386757292e-06,4.018920312600207e-05,0.9186314880675388,0.0004244639647671,0.0044495393402433,0.256655959284423,0.1219728007149967,0.1346831585694263,0.1647760028423542,0.1347062513995638,0.1055146689695022,0.0108270092632158,0.0183437254729716,7.630338174821801e-07,1.5940086797436775e-06,6.675042797871936e-06,4.869495170179649e-06,2.862048926766487e-07,2.681326279122158e-07,1.4780573097905348e-05,2.836884109443789e-06
Valladolid,0.0014313130631761,1.183143498222615e-06,8.837437391365849e-08,5.17302526233679e-06,1.4938562871428662e-08,4.381524754515985e-06,3.842996836846358e-05,2.7915983132798104e-06,1.498065280944451e-07,3.66940907960383e-07,3.949822290266822e-07,7.452134833659169e-07,3.920695846075292e-07,4.514081138272325e-07,3.583717486241194e-07,0.0083848540726272,5.158404056562579e-07,0.0001432444380655,0.0517302536380822,5.331832203375952e-07,6.528009604175282e-07,6.339769733787083e-07,1.5376857355121317e-07,1.3384910915886904e-07,5.551005330793014e-07,2.871522601482588e-07,2.784143268908e-07,5.686510081056123e-06,3.925784638655033e-05,0.970014554760246,0.0003508579781756,0.0073758345253593,0.1549329065228937,0.0726074727786954,0.0823254337441983,0.0943886274183331,0.0819324907804342,0.0668629469210841,0.0053117191149145,0.009710713005697,2.8710492527590054e-07,3.3572171327412107e-06,1.0474698042289673e-05,1.841989032949243e-05,4.1361629622157305e-07,2.379433175096452e-07,1.0331808340603192e-05,8.248863092980538e-06
Vigo,0.0007379524770876,1.1739698858098622e-06,2.1223835283825523e-08,2.112282775729008e-06,1.0253660538833205e-08,2.055889850821531e-06,1.1259758267120924e-05,1.7553190415131123e-06,8.258516243516656e-08,2.551270826129333e-07,1.908323529257452e-07,3.245075175245774e-07,1.862412522688689e-07,2.18094117629423e-07,1.560551932607782e-07,0.0095967638475162,2.7521708108670425e-07,9.642650593068605e-05,0.0211228289247997,3.0612627846926986e-07,3.577735387925024e-07,3.402131445943278e-07,7.692149852515694e-08,6.608104707634908e-08,2.965634634843721e-07,1.562111372232127e-07,1.522228358830743e-07,3.140168221628438e-06,4.182254614764685e-05,0.9915888781152926,0.0003708714220691,0.0036333563212166,0.0818890727479811,0.0386862469923288,0.0432028257556523,0.059379596796864,0.039645095356041,0.0315903826910404,0.0029080098906365,0.0051304183605876,1.183761022076255e-07,9.00330541956433e-07,4.178560144970615e-06,5.695881140508453e-06,1.5391515273574288e-07,1.1153895032005098e-07,3.2635939099547567e-06,1.317850536959458e-05
Zamora,0.0008704083008455,1.5739422646716612e-05,1.1861700962985244e-07,1.0471690071402736e-05,2.8422651499576853e-08,9.591334012897834e-06,8.243564153593629e-05,6.661800690764568e-06,2.287088012685675e-06,1.062666119505519e-06,1.2212953699660278e-06,2.347544118730812e-06,1.196169607224033e-06,1.3957670385090235e-06,1.1289304286154492e-06,0.0115753922024583,1.5584803296362216e-06,0.000131118583067,0.10471690137656,1.6518769289999385e-06,1.9878472454436543e-06,1.920119054627008e-06,5.533236232575797e-07,5.206591852177453e-07,1.69803652652356e-06,8.634662078219213e-07,8.342422072846163e-07,1.912710835166609e-05,8.716647814326603e-05,0.9820227755428572,0.0017797399290664,0.0203239783505687,0.096206053371972,0.0446405047611569,0.0515655486108151,0.0661633517508464,0.0616455099318439,0.0430598911080002,0.0080324198821092,0.0105263821432276,1.762230947914121e-06,6.978418137694742e-06,3.831410736929352e-05,4.403883918931324e-05,6.702539887678978e-07,3.146702791906072e-07,3.3948318343733225e-05,3.1719035328392324e-05
Zaragoza,0.0012299371130678,4.628234181344202e-07,4.353596295454824e-08,1.8852242099354952e-06,8.493719113905925e-09,2.4563294799637884e-06,1.9242579673418905e-05,1.5782581590884789e-06,5.6082448133936055e-08,2.2487801121740305e-07,2.179185409581662e-07,3.9797387563611e-07,2.147325887910543e-07,2.490498449910884e-07,1.91384991674796e-07,0.0082955147164127,2.931860002248603e-07,0.0001915708472042,0.0188522417205643,3.0692905269281775e-07,3.657948778398463e-07,3.5173734106119965e-07,7.917634362140315e-08,7.508364304027819e-08,3.127219065502172e-07,1.0758241059783076e-08,1.480560422020739e-07,3.744536204669243e-06,3.087603350621122e-05,0.9545612766766718,0.0002278927027459,0.0041755059738554,0.2002237332584121,0.0957556276084513,0.1044681056499608,0.110469734806053,0.0960519064781855,0.0815098700612223,0.0041719823401222,0.0103171995708427,2.231187757061431e-07,2.10446114223947e-06,4.112091554522153e-06,1.1646817031671112e-05,8.967482944964135e-08,8.039963884638383e-08,6.895239895530835e-06,4.211811578398419e-06
